Recall Number,Open Date,Year,Class(R),Class(A),Pounds Recalled,Product,Problem Type,Type 1,Type 2,Preparation,pork,chicken,turkey,veal,beef,fish,
001-2017,2017-01-05,2017,III,3,1288,Raw sausage products,Undeclared Substance,1,0,0,0,0,0,
002-2017,2017-01-09,2017,I,1,2330,Chicken Breast Tenders,Extraneous Material,0,1,0,0,0,0,
003-2017,2017-01-10,2017,I,1,3546,Lemon Pepper Chicken Entrees,Undeclared Allergen,0,1,0,0,0,0,
004-2017,2017-01-12,2017,I,1,3096,Chicken Soup,Undeclared Allergen,0,1,0,0,0,0,
005-2017,2017-01-14,2017,I,1,1124,Pork spare ribs and rib tips,Other,1,0,0,0,0,0,
006-2017,2017-01-18,2017,III,3,1905,Fully Cooked Turkey without Giblets,Undeclared Substance,0,0,1,0,0,0,
007-2017,2017-01-18,2017,III,3,204,Chicken salad,Other,0,1,0,0,0,0,
008-2017,2017-01-19,2017,I,1,1080,sweet chili chicken ,Undeclared Allergen,0,1,0,0,0,0,
009-2017,2017-01-20,2017,I,1,6348,Ready to Eat Chicken products,Processing Defect,0,1,0,0,0,0,
010-2017,2017-01-25,2017,III,3,2579,Pork Sausages,Undeclared Substance,1,0,0,0,0,0,
011-2017,2017-02-07,2017,I,1,45,Chili Flavored Soups w/chkn or beef,Undeclared Allergen,0,0,0,0,1,0,
012-2017,2017-02-11,2017,I,1,6630,Chicken and pork salad products,Listeria monocytogenes,1,1,0,0,0,0,
013-2017,2017-02-15,2017,III,3,999419,Chicken sausage products,Undeclared Substance,0,1,0,0,0,0,
014-2017,2017-02-22,2017,I,1,468,Mortadella,Undeclared Allergen,0,0,0,0,0,0,
015-2017,2017-02-22,2017,I,1,59225,Chicken Salad Products,Listeria monocytogenes,0,1,0,0,0,0,
016-2017,2017-02-28,2017,I,1,3236,RTE Meat and Poultry Products,Listeria monocytogenes,0,0,0,0,0,0,
017-2017,2017-02-28,2017,I,1,12610,RTE Breaded White Meat Chicken Bite,Processing Defect,0,1,0,0,0,0,
018-2017,2017-03-01,2017,I,1,140,Seasoned Ground Pork and Beef,Undeclared Allergen,1,0,0,0,1,0,
019-2017,2017-03-01,2017,I,1,151,Beef Jerky,Other,0,0,0,0,1,0,
020-2017,2017-03-02,2017,I,1,40680,Veal products,E. coli,0,0,0,1,0,0,
021-2017,2017-03-06,2017,III,3,8430,Shaved Steak,Extraneous Material,0,0,0,0,0,0,
022-2017,2017-03-06,2017,III,3,13330,Raw pork sausage products ,Undeclared Substance,1,0,0,0,0,0,
023-2017,2017-03-09,2017,I,1,63252,Ready to eat beef products,Extraneous Material,0,0,0,0,1,0,
024-2017,2017-03-09,2017,I,1,5750,Salami and Soppressata,Undeclared Allergen,0,0,0,0,0,0,
025-2017,2017-03-15,2017,I,1,21220,"Marketside  16 supreme pizzas""",Listeria monocytogenes,0,0,0,0,0,0,
026-2017,2017-03-16,2017,I,1,8622,Breakfast Burrito,Extraneous Material,0,0,0,0,0,0,
027-2017,2017-03-19,2017,I,1,73742,Boneless Beef,E. coli,0,0,0,0,1,0,
028-2017,2017-03-21,2017,I,1,178335,Pork Dumpling products,Other,1,0,0,0,0,0,
029-2017,2017-03-22,2017,II,2,22466,"Beef, venison and ostrich jerky ",Undeclared Allergen,0,0,0,0,1,0,
030-2017,2017-03-23,2017,I,1,933272,RTE breaded chicken products,Extraneous Material,0,1,0,0,0,0,
031-2017,2017-03-24,2017,II,2,35168,RTE Beef products,Extraneous Material,0,0,0,0,1,0,
032-2017,2017-03-24,2017,II,2,1695,Siluriformes fish (catfish),Residue,0,0,0,0,0,1,
033-2017,2017-04-05,2017,I,1,150,Chicken Salad,Undeclared Allergen,0,1,0,0,0,0,
034-2017,2017-04-08,2017,I,1,3434,Baby Greens w/Turkey & Mango salad,Undeclared Allergen,0,0,1,0,0,0,
035-2017,2017-04-20,2017,I,1,30537,Chicken w/ Cheese and Bean Burrito,Undeclared Allergen,0,1,0,0,0,0,
036-2017,2017-04-22,2017,I,1,4185,Chicken Soups,Undeclared Allergen,0,1,0,0,0,0,
037-2017,2017-04-24,2017,I,1,42147,RTE Chicken Breasts,Processing Defect,0,1,0,0,0,0,
038-2017,2017-04-24,2017,I,1,139909,RTE smoked and poultry sausages,Extraneous Material,1,0,0,0,0,0,
039-2017,2017-04-25,2017,I,1,8822,RTE Hams,Listeria monocytogenes,1,0,0,0,0,0,
040-2017,2017-04-27,2017,I,1,0,Ground Beef,E. coli,0,0,0,0,1,0,
041-2017,2017-04-27,2017,II,2,131880,Chicken breast patties,Extraneous Material,0,1,0,0,0,0,
042-2017,2017-05-03,2017,I,1,24768,RTE Ham and Cheese Quiche products,Other,1,0,0,0,0,0,
043-2017,2017-05-03,2017,I,1,8685,Beef Chili Colorado products,Undeclared Allergen,0,0,0,0,1,0,
044-2017,2017-05-04,2017,I,1,5620,"Raw beef, veal, and pork products",E. coli,0,0,0,0,1,0,
045-2017,2017-05-06,2017,I,1,2148,Harvestland Fully Cooked Organic It,Extraneous Material,0,0,0,0,0,0,
046-2017,2017-05-08,2017,I,1,4015,Beef patties ,Undeclared Allergen,0,0,0,0,1,0,
047-2017,2017-05-10,2017,I,1,5946,"Turkey, ham and cheese sandwiches",Listeria monocytogenes,0,0,1,0,0,0,
048-2017,2017-05-11,2017,II,2,1495,Raw young whole chicken ,Residue,0,1,0,0,0,0,
049-2017,2017-05-12,2017,I,1,130071,Frozen entree products,Listeria monocytogenes,0,0,0,0,0,0,
050-2017,2017-05-13,2017,I,1,252854,Ready to eat burritos,Listeria monocytogenes,0,0,0,0,0,0,
051-2017,2017-05-18,2017,I,1,1210,Beef Bone and Spicy Pork Bone Broth,Other,1,0,0,0,1,0,
052-2017,2017-05-19,2017,II,2,210606,Beef Franks,Extraneous Material,0,0,0,0,1,0,
053-2017,2017-05-20,2017,II,2,319000,Frozen meat and poultry products,Other,0,0,0,0,0,0,
054-2017,2017-05-24,2017,II,2,90978,Breakfast sausage items,Extraneous Material,1,0,0,0,0,0,
055-2017,2017-05-25,2017,I,1,5248,Waffles an Turkey Sausage,Listeria monocytogenes,0,0,1,0,0,0,
056-2017,2017-05-26,2017,I,1,5163,Beef Broth Products,Other,0,0,0,0,1,0,
057-2017,2017-05-27,2017,II,2,45985,Raw beef trimmimgs,Other,0,0,0,0,1,0,
058-2017,2017-06-02,2017,I,1,2959,Gia Russa Double Stuffed Pepperoni ,Extraneous Material,0,0,0,0,0,0,
059-2017,2017-06-05,2017,I,1,22832,Ground Beef and Beef Primals,E. coli,0,0,0,0,1,0,
060-2017,2017-06-08,2017,I,1,54699,Raw Breaded Chicken Products,Undeclared Allergen,0,1,0,0,0,0,
061-2017,2017-06-08,2017,I,1,174000,Various beef products ,Undeclared Allergen,0,0,0,0,1,0,
062-2017,2017-06-08,2017,I,1,18570,Chicken Salad products,Undeclared Allergen,0,1,0,0,0,0,
063-2017,2017-06-08,2017,I,1,4335,Ready-to-Eat (RTE) breaded chicken ,Undeclared Allergen,0,1,0,0,0,0,
064-2017,2017-06-09,2017,I,1,44035,Raw sausage,Undeclared Allergen,1,0,0,0,0,0,
065-2017,2017-06-09,2017,I,1,717338,RTE pasta and meatballs,Undeclared Allergen,0,0,0,0,0,0,
066-2017,2017-06-09,2017,I,1,2415,Ready-to-eat meat and poultry salad,Listeria monocytogenes,0,0,0,0,0,0,
067-2017,2017-06-09,2017,I,1,2485374,RTE breaded chicken products,Undeclared Allergen,0,1,0,0,0,0,
068-2017,2017-06-09,2017,I,1,294744,RTE breaded chicken products,Undeclared Allergen,0,1,0,0,0,0,
069-2017,2017-06-10,2017,I,1,9690,RTE chicken salad,Undeclared Allergen,0,1,0,0,0,0,
070-2017,2017-06-13,2017,I,1,197,Freeze Dried Beef product,Extraneous Material,0,0,0,0,1,0,
071-2017,2017-06-13,2017,I,1,114409,Beef Ravioli products,Undeclared Allergen,0,0,0,0,1,0,
072-2017,2017-06-14,2017,I,1,31662,RTE beef and poultry products,Undeclared Allergen,0,0,0,0,1,0,
073-2017,2017-06-16,2017,I,1,1190, Breaded Swai (Siluriformes),Undeclared Allergen,0,0,0,0,0,0,
074-2017,2017-06-16,2017,I,1,984,Ham,Other,1,0,0,0,0,0,
075-2017,2017-06-16,2017,I,1,325000,"beef, pork, and duck fat and lard",Processing Defect,0,0,0,0,1,0,
076-2017,2017-06-23,2017,I,1,61538,Sam's Choice brand Asian Style Beef,Undeclared Allergen,0,0,0,0,1,0,
077-2017,2017-06-23,2017,I,1,4275425,Breaded RTE chicken nuggest,Undeclared Allergen,0,1,0,0,0,0,
078-2017,2017-06-24,2017,I,1,54630,RTE chicken bites,Extraneous Material,0,1,0,0,0,0,
079-2017,2017-06-28,2017,I,1,84000,Frozen Swai Fillets (Siluriformes),Other,0,0,0,0,0,0,
080-2017,2017-07-01,2017,I,1,440,Buffalo Style Chicken Salad,Undeclared Allergen,0,1,0,0,0,0,
081-2017,2017-07-14,2017,II,2,9444,Chicken Base and Beef Base Paste,Undeclared Allergen,0,1,0,0,1,0,
082-2017,2017-07-14,2017,I,1,7196084,Hot dogs,Extraneous Material,0,0,0,0,0,0,
083-2017,2017-07-20,2017,I,1,10,Pork Kolbassi,Other,1,0,0,0,0,0,
084-2017,2017-07-24,2017,I,1,981,Stromboli products,Undeclared Allergen,0,0,0,0,0,0,
085-2017,2017-07-25,2017,II,2,17847,PEPPERONI PIZZA ,Undeclared Allergen,0,0,0,0,0,0,
086-2017,2017-08-01,2017,III,3,4922,Ground beef,Extraneous Material,0,0,0,0,1,0,
087-2017,2017-08-02,2017,I,1,20638,NRTE chicken entrees,Undeclared Allergen,0,1,0,0,0,0,
088-2017,2017-08-05,2017,II,2,115773,RTE ham products,Undeclared Allergen,1,0,0,0,0,0,
089-2017,2017-08-07,2017,I,1,1290,Raw intact and non-intact beef ,E. coli,0,0,0,0,1,0,
090-2017,2017-08-09,2017,III,3,2133,Morrison Aussie Pies Steak and Mush,Undeclared Substance,0,0,0,0,0,0,
091-2017,2017-08-09,2017,I,1,3960,Beef patties,Undeclared Allergen,0,0,0,0,1,0,
092-2017,2017-08-12,2017,I,1,4805,Poultry entree's,Undeclared Allergen,0,0,0,0,0,0,
093-2017,2017-08-15,2017,II,2,1719,Chicken Caesar Salads,Undeclared Allergen,0,1,0,0,0,0,
094-2017,2017-08-22,2017,I,1,1134,Pork Sausage Patties,Listeria monocytogenes,1,0,0,0,0,0,
095-2017,2017-08-23,2017,I,1,20446,Fully cooked chicken skewer product,Listeria monocytogenes,0,1,0,0,0,0,
096-2017,2017-08-25,2017,II,2,3448,Chicken breakfast sausage produc,Undeclared Allergen,0,1,0,0,0,0,
097-2017,2017-08-26,2017,I,1,12169,Skinless frozen pork bellies,Other,1,0,0,0,0,0,
098-2017,2017-08-26,2017,I,1,15092,"Frozen beef, pork and chicken produ",Undeclared Allergen,0,0,0,0,1,0,
099-2017,2017-08-30,2017,I,1,32228,RTE Chicken Sausage Product,Undeclared Allergen,0,1,0,0,0,0,
100-2017,2017-09-08,2017,I,1,123,Italian Style Meatballs,Undeclared Allergen,0,0,0,0,0,0,
101-2017,2017-09-15,2017,I,1,63823,NRTE Pork Sausage Products,Undeclared Allergen,1,0,0,0,0,0,
102-2017,2017-09-16,2017,I,1,1252,NRTE smoked meat products,Processing Defect,0,0,0,0,0,0,
103-2017,2017-09-29,2017,I,1,0,Smoked Turkey Drumsticks,Undeclared Allergen,0,0,1,0,0,0,
104-2017,2017-10-02,2017,II,2,38475,Ground Turkey Products,Extraneous Material,0,0,1,0,0,0,
105-2017,2017-10-03,2017,II,2,1150,Raw chicken thigh products,Undeclared Allergen,0,1,0,0,0,0,
106-2017,2017-10-04,2017,I,1,700,Ground beef,E. coli,0,0,0,0,1,0,
107-2017,2017-10-05,2017,II,2,1222,RTE beef products,Undeclared Allergen,0,0,0,0,1,0,
108-2017,2017-10-12,2017,I,1,133,Ground beef,E. coli,0,0,0,0,1,0,
109-2017,2017-10-12,2017,II,2,12816,Shredded Beef,Extraneous Material,0,0,0,0,1,0,
110-2017,2017-10-13,2017,II,2,22630,Genoa Salami and Capocollo ,Extraneous Material,0,0,0,0,0,0,
111-2017,2017-10-17,2017,I,1,8000,Chicken and Pork products,Undeclared Allergen,1,1,0,0,0,0,
112-2017,2017-10-17,2017,I,1,32136,RTE bagged soups,Extraneous Material,0,0,0,0,0,0,
113-2017,2017-10-18,2017,I,1,4225,Marinated scallops wrapped in bacon,Undeclared Allergen,0,0,0,0,0,0,
114-2017,2017-10-20,2017,I,1,701,Chicken products,Listeria monocytogenes,0,1,0,0,0,0,
115-2017,2017-10-28,2017,II,2,732,Taylor Farms American Style Pasta S,Undeclared Allergen,0,0,0,0,0,0,
116-2017,2017-11-01,2017,I,1,28064,Meat and Poultry Burrito and Wrap ,Listeria monocytogenes,0,0,0,0,0,0,
117-2017,2017-11-02,2017,I,1,269,RTE meat and poultry products ,Other,0,0,0,0,0,0,
118-2017,2017-11-08,2017,I,1,26000,Beef and Pork Hot pockets,Undeclared Allergen,1,0,0,0,1,0,
119-2017,2017-11-09,2017,I,1,10839,Raw chicken breast product,Extraneous Material,0,1,0,0,0,0,
120-2017,2017-11-13,2017,I,1,231,RTE meat and poultry products,Other,0,0,0,0,0,0,
121-2017,2017-11-14,2017,I,1,264,RTE Chicken with rice,Listeria monocytogenes,0,1,0,0,0,0,
122-2017,2017-11-15,2017,II,2,116,Beef Tongues,Other,0,0,0,0,1,0,
123-2017,2017-11-16,2017,I,1,297828,Chicken and pork products,Other,1,1,0,0,0,0,
124-2017,2017-11-16,2017,I,1,46,Chicken  products ,Undeclared Allergen,0,1,0,0,0,0,
125-2017,2017-11-18,2017,I,1,36854,RTE Chicken and Turkey Salads,Extraneous Material,0,1,1,0,0,0,
126-2017,2017-12-01,2017,I,1,46810,Beef meatballs,Undeclared Allergen,0,0,0,0,1,0,
127-2017,2017-12-01,2017,I,1,813,Rafedain Fully Cooked Chicken Patty,Undeclared Allergen,0,1,0,0,0,0,
128-2017,2017-12-12,2017,II,2,143,Genoa Salami,Extraneous Material,0,0,0,0,0,0,
129-2017,2017-12-16,2017,I,1,1076,Salami and Prosciutto,Salmonella,0,0,0,0,0,0,
130-2017,2017-12-21,2017,I,1,7570,Ground beef,Undeclared Allergen,0,0,0,0,1,0,
131-2017,2017-12-26,2017,I,1,4702,Boneless stew meat,Extraneous Material,0,0,0,0,0,0,
001-2016,2016-01-04,2016,II,2,"89,568",Beef products ,Extraneous Material,0,0,0,0,0,0,
002-2016,2016-01-05,2016,I,1,14,Cajun Hickory Smoked Pork Tasso ,Listeria monocytogenes,1,0,0,0,0,0,
003-2016,2016-01-05,2016,I,1,"1,125",Chicken products ,Other,0,0,0,0,0,0,
004-2016,2016-01-06,2016,I,1,"7,687","Beef, Pork, and Chicken Products ",Other,0,0,0,0,0,0,
005-2016,2016-01-08,2016,II,2,"4,040",Pork Sausage,Undeclared Substance,0,0,0,0,0,0,
006-2016,2016-01-16,2016,II,2,"22,182",Sweet Apple Chicken Sausage,Undeclared Substance,0,0,0,0,0,0,
007-2016,2016-01-20,2016,I,1,410,Ground Beef,E. coli,0,0,0,0,1,0,
008-2016,2016-01-22,2016,III,3,"549,539",Chili without Beans,Undeclared Substance,0,0,0,0,0,0,
009-2016,2016-01-23,2016,I,1,"38,950",Meat and Poultry Pasta Products,Other,0,0,0,0,0,0,
010-2016,2016-01-25,2016,II,2,"73,898",Pepperoni Pizza,Undeclared Substance,0,0,0,0,0,0,
011-2016,2016-01-25,2016,II,2,"1,320",Beef Knockwurst Sausage Links ,Undeclared Substance,0,0,0,0,0,0,
012-2016,2016-01-30,2016,I,1,289,Beef and Chicken ,Other,0,1,0,0,1,0,
013-2016,2016-02-05,2016,I,1,491,Pork Meat Ravioli ,Other,1,0,0,0,0,0,
014-2016,2016-02-08,2016,I,1,135,Uncured Bacon Ganache Bar,Undeclared Allergen,0,0,0,0,0,0,
015-2016,2016-02-09,2016,II,2,450, Beef Stew,Extraneous Material,0,0,0,0,1,0,
016-2016,2016-02-12,2016,I,1,"25,215",Pork Bacon Fritters,Extraneous Material,0,0,0,0,0,0,
017-2016,2016-02-13,2016,I,1,"7,275",Meatball Soup Products ,Other,0,0,0,0,0,0,
018-2016,2016-02-16,2016,II,2,"3,710",Southwest Style Chicken Salad,Extraneous Material,0,0,0,0,0,0,
019-2016,2016-02-19,2016,I,1,"1,006",Edamame Hummus Wrap,Undeclared Allergen,0,0,0,0,0,0,
020-2016,2016-02-23,2016,III,3,"6,000",Shirakiku Pork Gyoza Dumplings,Undeclared Substance,0,0,0,0,0,0,
021-2016,2016-02-25,2016,I,1,"3,004",Various Chicken Salad Products ,Listeria monocytogenes,0,0,0,0,0,0,
022-2016,2016-03-03,2016,II,2,"19,200",Fully Cooked Chicken Products,Undeclared Allergen,0,0,0,0,0,0,
023-2016,2016-03-05,2016,I,1,"4,530", Chicken Nuggets,Extraneous Material,0,0,0,0,0,0,
024-2016,2016-03-10,2016,I,1,"267,024",Chicken Pizza and Lasagna Products,Extraneous Material,0,0,0,0,0,0,
025-2016,2016-03-22,2016,I,1,111,Southwest Chicken Salad,Undeclared Allergen,0,1,0,0,0,0,
026-2016,2016-04-06,2016,I,1,"2,881",Meat & Poultry Pinwheels,Extraneous Material,0,0,0,0,0,0,
027-2016,2016-04-07,2016,I,1,"5,176,844", Fully Cooked Chicken Products,Extraneous Material,0,0,0,0,0,0,
028-2016,2016-04-12,2016,I,1,467,Pork Sausage and Bacon Products,Undeclared Allergen,1,0,0,0,0,0,
029-2016,2016-04-14,2016,I,1,"10,455",Chicken and Turkey Products,Undeclared Allergen,0,0,0,0,0,0,
030-2016,2016-04-16,2016,I,1,"3,469",Breaded Pork Products ,Undeclared Allergen,0,0,0,0,0,0,
031-2016,2016-04-21,2016,I,1,325,Beef Patties,E. coli,0,0,0,0,1,0,
032-2016,2016-04-29,2016,I,1,"1,341",Meat and Poultry Wraps and Salads,Other,0,0,0,0,0,0,
033-2016,2016-04-29,2016,I,1,"220,450",Fully Cooked Chicken Nuggets,Extraneous Material,0,0,0,0,0,0,
034-2016,2016-05-04,2016,I,1,"33,610",Salad with Chicken,Listeria monocytogenes,0,0,0,0,0,0,
035-2016,2016-05-04,2016,I,1,"1,575",Vegetable Lasagna Products ,Undeclared Allergen,0,0,0,0,0,0,
036-2016,2016-05-05,2016,I,1,471,Charcuterie Meat Products,Other,0,0,0,0,0,0,
037-2016,2016-05-07,2016,I,1,"117,350",Meat Tamale Products,Listeria monocytogenes,0,0,0,0,0,0,
038-2016,2016-05-07,2016,I,1,497,Beef Jerky,Processing Defect,0,0,0,0,1,0,
039-2016,2016-05-10,2016,I,1,"114,870",Chicken Fried Rice,Listeria monocytogenes,0,0,0,0,0,0,
040-2016,2016-05-11,2016,I,1,"47,112,257",NRTE Meat and Poultry Products,Listeria monocytogenes,0,0,0,0,0,0,
041-2016,2016-05-18,2016,III,3,"5,616",Pork Dumplings,Undeclared Substance,0,0,0,0,0,0,
042-2016,2016-05-19,2016,II,2,"84,340",Frozen Beef Entrees,Undeclared Allergen,0,0,0,0,0,0,
043-2016,2016-05-20,2016,I,1,373,Citrus Kale Salad with Chicken,Listeria monocytogenes,0,1,0,0,0,0,
044-2016,2016-05-26,2016,II,2,151,Thai Style Chicken Mango Salad,Undeclared Allergen,0,1,0,0,0,0,
045-2016,2016-05-27,2016,III,3,150,Pulled Pork with Barbecue ,Other,1,0,0,0,0,0,
046-2016,2016-06-03,2016,I,1,"15,996",Broccoli Salad Dressing,Listeria monocytogenes,0,0,0,0,0,0,
047-2016,2016-06-04,2016,I,1,873,"Beef, Turkey, and Chicken Meat Pies",Other,0,0,0,0,1,0,
048-2016,2016-06-13,2016,I,1,762,Dried Pork Sausage,Other,1,0,0,0,0,0,
049-2016,2016-06-14,2016,I,1,"3,586",Beef Cuts and Trimmings ,E. coli,0,0,0,0,0,0,
050-2016,2016-06-17,2016,I,1,"10,198",Various Dumplings and Wontons,Undeclared Allergen,0,0,0,0,0,0,
051-2016,2016-06-18,2016,I,1,"55,608",Various Bulk Chicken Parts,Extraneous Material,0,0,0,0,0,0,
052-2016,2016-06-20,2016,I,1,"29,645",Swai Fillets,Other,0,0,0,0,0,0,
053-2016,2016-06-26,2016,I,1,"2,444",Caesar Salad with Chicken Breast,Undeclared Allergen,0,0,0,0,0,0,
054-2016,2016-07-01,2016,II,2,"5,682",RTE Salad with Chicken,Undeclared Allergen,0,0,0,0,0,0,
055-2016,2016-07-01,2016,I,1,42,Lemongrass Basil Chicken Entrees,Listeria monocytogenes,0,1,0,0,0,0,
056-2016,2016-07-06,2016,I,1,"195,597",Frozen Meat and Poultry Entrees,Extraneous Material,0,0,0,0,0,0,
057-2016,2016-07-08,2016,I,1,"44,850",NRTE Meat and Poultry Products  ,E. coli,0,0,0,0,0,0,
058-2016,2016-07-12,2016,I,1,"5,850",Uncooked Chicken Tenderloin Fritter,E. coli,0,0,0,0,0,0,
059-2016,2016-07-13,2016,I,1,"5,677",Shrimp Scampi,Undeclared Allergen,0,0,0,0,0,0,
060-2016,2016-07-14,2016,II,2,"21,521",Siluriformes fish (catfish),Residue,0,0,0,0,0,0,
061-2016,2016-07-19,2016,I,1,"372,684",RTE Hot Dog and Corn Dog Products,Other,0,0,0,0,0,0,
062-2016,2016-07-21,2016,I,1,"11,658",Whole Roaster Hogs,Salmonella,0,0,0,0,0,0,
063-2016,2016-07-22,2016,II,2,"4,692",Wild Boar Brotwurst,Other,0,0,0,0,0,0,
064-2016,2016-07-26,2016,I,1,"2,606",Non Intact Beef Products,E. coli,0,0,0,0,0,0,
065-2016,2016-07-26,2016,I,1,"8,800",Beef,E. coli,0,0,0,0,0,0,
066-2016,2016-07-27,2016,I,1,636,Dried Chicken Noodle Soup Mix,Other,0,1,0,0,0,0,
067-2016,2016-07-28,2016,I,1,845,Meat Pasta Products,Other,0,0,0,0,0,0,
068-2016,2016-07-29,2016,I,1,295,Beef Jerky ,Other,0,0,0,0,1,0,
069-2016,2016-08-03,2016,II,2,204,Sausage Bangers,Undeclared Allergen,1,0,0,0,0,0,
070-2016,2016-08-06,2016,I,1,0,Various Meat and Poultry Products,Undeclared Allergen,0,0,0,0,0,0,
071-2016,2016-08-10,2016,II,2,"60,350",Ground Beef,Extraneous Material,0,0,0,0,0,0,
072-2016,2016-08-21,2016,I,1,"1,951",Meat and Poultry Products,Other,0,0,0,0,0,0,
073-2016,2016-08-24,2016,II,2,"7,420",Beef Brains,Other,0,0,0,0,0,0,
074-2016,2016-08-25,2016,II,2,"21,570",Chicken Entrees,Extraneous Material,0,0,0,0,0,0,
075-2016,2016-08-26,2016,I,1,"18,672",Bacon and Cheddar Smoked Sausages,Undeclared Allergen,0,0,0,0,0,0,
076-2016,2016-09-01,2016,II,2,422,Chicken wraps,Undeclared Allergen,0,1,0,0,0,0,
077-2016,2016-09-08,2016,I,1,35,Ground Beef,E. coli,0,0,0,0,1,0,
078-2016,2016-09-09,2016,I,1,15,Lamb,E. coli,0,0,0,0,0,0,
079-2016,2016-09-10,2016,I,1,662,Various Meat and Poultry Products,Other,0,0,0,0,0,0,
080-2016,2016-09-10,2016,II,2,"32,928",Pork Rinds,Undeclared Allergen,0,0,0,0,0,0,
081-2016,2016-09-16,2016,I,1,915,Beef Tamales,Other,0,0,0,0,1,0,
082-2016,2016-09-16,2016,I,1,0,Pork Sausages,Other,1,0,0,0,0,0,
083-2016,2016-09-17,2016,I,1,82,Various Raw Meat Products,Other,0,0,0,0,0,0,
084-2016,2016-09-21,2016,I,1,920,Chicken,Undeclared Allergen,0,1,0,0,0,0,
085-2016,2016-09-21,2016,II,2,"8,694",Ready to Eat Ham,Extraneous Material,0,0,0,0,0,0,
086-2016,2016-09-22,2016,I,1,"1,250",Pizza,Other,0,0,0,0,0,0,
087-2016,2016-09-24,2016,I,1,0,Raw and Non-intact Beef and Bison,E. coli,0,0,0,0,1,0,
088-2016,2016-09-24,2016,I,1,90,Spaghetti and Sausage,Other,1,0,0,0,0,0,
089-2016,2016-09-27,2016,I,1,"132,520",Fully Cooked Chicken Nuggets,Extraneous Material,0,0,0,0,0,0,
090-2016,2016-09-27,2016,I,1,"2,100",Boneless Beef Trimming,E. coli,0,0,0,0,0,0,
091-2016,2016-09-30,2016,I,1,"216,367",Ground Beef,E. coli,0,0,0,0,0,0,
092-2016,2016-10-03,2016,I,1,170,RTE Bacon,Listeria monocytogenes,0,0,0,0,0,0,
093-2016,2016-10-09,2016,I,1,969,Ham and American Cracker Stacker,Undeclared Allergen,1,0,0,0,0,0,
094-2016,2016-10-12,2016,I,1,"2,064",Rendered Animal Fat,Undeclared Allergen,0,0,0,0,0,0,
095-2016,2016-10-14,2016,I,1,"2,349",Non-intact Beef and Veal,E. coli,0,0,0,0,0,0,
096-2016,2016-10-15,2016,I,1,"1,148",Popcorn Chicken,Extraneous Material,0,0,0,0,0,0,
097-2016,2016-10-15,2016,I,1,"54,011",Sliced and Log Turkey Breast,Extraneous Material,0,0,0,0,0,0,
098-2016,2016-10-21,2016,II,2,"126,570",Pulled Pork Products,Undeclared Allergen,0,0,0,0,0,0,
099-2016,2016-10-21,2016,I,1,"26,800",Chicken and Dumplings,Undeclared Allergen,0,0,0,0,0,0,
100-2016,2016-10-25,2016,I,1,"5,610",Canned Chicken,Extraneous Material,0,0,0,0,0,0,
101-2016,2016-10-26,2016,I,1,"3,895",Chicken and Pork Bologna,Undeclared Allergen,0,0,0,0,0,0,
102-2016,2016-11-03,2016,I,1,741,Beef Jerky Products,Other,0,0,0,0,1,0,
103-2016,2016-11-06,2016,II,2,"21,403",Breaded Chicken Patties,Extraneous Material,0,0,0,0,0,0,
104-2016,2016-11-08,2016,I,1,"1,689",Beef and Pork Snack Stick Products ,Extraneous Material,0,0,0,0,0,0,
105-2016,2016-11-08,2016,I,1,"1,710",Egg Pork Roll,Undeclared Allergen,0,0,0,0,0,0,
106-2016,2016-11-12,2016,I,1,62,Chicken Breasts,Processing Defect,0,1,0,0,0,0,
107-2016,2016-11-15,2016,II,2,108,Beef Shepherd's Pie,Undeclared Allergen,0,0,0,0,1,0,
108-2016,2016-11-17,2016,II,2,"237,891",Pork Barbecue Products,Undeclared Allergen,0,0,0,0,0,0,
109-2016,2016-11-17,2016,I,1,932,Cured Dried Pork Loin,Processing Defect,1,0,0,0,0,0,
110-2016,2016-11-18,2016,I,1,"4,059",Chicken Breasts,Processing Defect,0,0,0,0,0,0,
111-2016,2016-11-22,2016,I,1,"5,022",Pork Homestyle Gravy,Undeclared Allergen,0,0,0,0,0,0,
112-2016,2016-11-22,2016,II,2,"191,695",RTE Roasted Chicken Quarters,Undeclared Allergen,0,0,0,0,0,0,
113-2016,2016-11-22,2016,I,1,455,Chicken Chili Soup,Listeria monocytogenes,0,1,0,0,0,0,
114-2016,2016-11-23,2016,I,1,305,Meatballs,Undeclared Allergen,0,0,0,0,0,0,
115-2016,2016-11-23,2016,I,1,"1,993,528",Various RTE Chicken Products,Processing Defect,0,0,0,0,0,0,
116-2016,2016-12-08,2016,I,1,79,Meatloaf,Undeclared Allergen,0,0,0,0,0,0,
117-2016,2016-12-12,2016,III,3,"50,991",Raw Beef Products,Other,0,0,0,0,0,0,
118-2016,2016-12-15,2016,I,1,"23,040",Breaded veal products,Undeclared Allergen,0,0,0,0,0,0,
119-2016,2016-12-21,2016,II,2,"23,544",Beef and Cheese Tortilla Products,Extraneous Material,0,0,0,0,0,0,
120-2016,2016-12-22,2016,I,1,"7,629",Pork Skin Products,Salmonella,0,0,0,0,0,0,
121-2016,2016-12-22,2016,I,1,"4,607",Boneless Veal,E. coli,0,0,0,0,0,0,
122-2016,2016-12-24,2016,I,1,"25,332",Poultry and Rice Entrees,Undeclared Allergen,0,0,0,0,0,0,
001-2015,2015-01-02,2015,I,1,"35,275",Australian Bone-In Lamb Shoulder,Other,0,0,0,0,0,0,
002-2015,2015-01-07,2015,I,1,359,Boneless Beef,Other,0,0,0,0,1,0,
003-2015,2015-01-07,2015,I,1,"35,865",Chili With Beans,Undeclared Allergen,0,0,0,0,0,0,
004-2015,2015-01-08,2015,I,1,"48,139",RTE Beef and Pork Products,Extraneous Material,0,0,0,0,0,0,
005-2015,2015-01-08,2015,I,1,"7,092",Halal Beef Soujouk Dried Beef Sausage,Undeclared Allergen,0,0,0,0,0,0,
006-2015,2015-01-09,2015,I,1,"1,062",Smoked Pork Andouille Sausage,Undeclared Allergen,0,0,0,0,0,0,
007-2015,2015-01-12,2015,I,1,700,Beef Cut Strips for Fajita,Undeclared Allergen,0,0,0,0,1,0,
008-2015,2015-01-14,2015,III,3,"33,948",Ground Beef,Extraneous Material,0,0,0,0,0,0,
009-2015,2015-01-14,2015,I,1,"1,690",Beef Franks Hot & Spicy Chipotle,Undeclared Allergen,0,0,0,0,0,0,
010-2015,2015-01-16,2015,I,1,931,Tasso,Undeclared Allergen,0,0,0,0,0,0,
011-2015,2015-01-16,2015,I,1,"48,210",Chorizo,Undeclared Allergen,0,0,0,0,0,0,
012-2015,2015-01-16,2015,I,1,869,Beef and Chicken Products,Undeclared Allergen,0,1,0,0,1,0,
013-2015,2015-01-17,2015,I,1,"3,233",Iberico Pork Ham,Other,0,0,0,0,0,0,
014-2015,2015-01-17,2015,I,1,"8,856",La Guadalupana Chicken Tamales,Other,0,0,0,0,0,0,
015-2015,2015-01-17,2015,I,1,"168,473",Dehydrated Pork Broth,Other,0,0,0,0,0,0,
016-2015,2015-01-17,2015,I,1,"14,130",Chicken and Beef,Undeclared Allergen,0,0,0,0,0,0,
017-2015,2015-01-21,2015,I,1,130,Three Little Pigs French Pork Rillettes,Other,1,0,0,0,0,0,
018-2015,2015-01-21,2015,I,1,"1,819","Beef, Chicken and Pork",Undeclared Allergen,0,0,0,0,0,0,
019-2015,2015-01-23,2015,I,1,"1,140",Teriyaki Flavored ChicNSteakes,Undeclared Allergen,0,0,0,0,0,0,
020-2015,2015-01-23,2015,I,1,"17,700",Chicken Breast Fritters,Undeclared Allergen,0,0,0,0,0,0,
021-2015,2015-01-26,2015,I,1,376,"Rabbit, Elk, Duck Sausage",Undeclared Allergen,0,0,0,0,0,0,
022-2015,2015-01-28,2015,I,1,"1,620",Beef Trim,E. coli,0,0,0,0,0,0,
023-2015,2015-01-29,2015,I,1,"14,610",Ginseng Chicken Stew,Other,0,0,0,0,0,0,
024-2015,2015-01-30,2015,I,1,"2,863",Smokehouse Deli Karpatskaya Smoked Salami,Processing Defect,0,0,0,0,0,0,
025-2015,2015-01-30,2015,I,1,529,Natural Dehydrated Pork Broth,Other,1,0,0,0,0,0,
026-2015,2015-01-30,2015,I,1,42,Seasoned St. Louis Style Ribs,Undeclared Allergen,0,0,0,0,0,0,
027-2015,2015-01-30,2015,I,1,"70,077",Cooked Pork,Undeclared Allergen,0,0,0,0,0,0,
028-2015,2015-02-04,2015,III,3,29,Beer Bratwurst,Other,0,0,0,0,0,0,
029-2015,2015-02-10,2015,I,1,"2,705",Poultry Products,Other,0,0,0,0,0,0,
030-2015,2015-02-10,2015,I,1,"33,191",Ready To Eat Products,Undeclared Allergen,0,0,0,0,0,0,
031-2015,2015-02-13,2015,I,1,"1,999",Boneless Beef Products,Other,0,0,0,0,0,0,
032-2015,2015-02-17,2015,II,2,"4,287",Pork Sausage Products,Undeclared Allergen,0,0,0,0,0,0,
033-2015,2015-02-17,2015,I,1,59,Egg Sausage and Cheese Tortilla,Undeclared Allergen,1,0,0,0,0,0,
034-2015,2015-02-19,2015,I,1,"21,427",RTE Beef Patties,Listeria monocytogenes,0,0,0,0,0,0,
035-2015,2015-02-20,2015,I,1,"50,904",Frozen Pork Belly,Other,0,0,0,0,0,0,
036-2015,2015-02-26,2015,II,2,"42,669",RTE Link Sausages,Undeclared Allergen,0,0,0,0,0,0,
037-2015,2015-03-01,2015,I,1,32,Beef Jerky,Processing Defect,0,0,0,0,1,0,
038-2015,2015-03-02,2015,II,2,"126,705",Beef Products,Undeclared Allergen,0,0,0,0,0,0,
039-2015,2015-03-04,2015,II,2,"1,400",Bavarian Meats Bavarian Brand Loaf,Undeclared Allergen,0,0,0,0,0,0,
040-2015,2015-03-05,2015,I,1,"50,953",Pork and Beef Products,Other,0,0,0,0,0,0,
041-2015,2015-03-06,2015,I,1,"58,180",Ready-To-Eat Beef Products,Listeria monocytogenes,0,0,0,0,0,0,
042-2015,2015-03-12,2015,I,1,"10,429",Chicken Products,Undeclared Allergen,0,0,0,0,0,0,
043-2015,2015-03-12,2015,II,2,"30,665",Uncured Bacon Bits,Undeclared Allergen,0,0,0,0,0,0,
044-2015,2015-03-13,2015,I,1,644,Fried Pork Skin,Other,1,0,0,0,0,0,
045-2015,2015-03-14,2015,II,2,"16,722",Various Beef and Chicken Products,Undeclared Allergen,0,0,0,0,0,0,
046-2015,2015-03-14,2015,II,2,"3,700",Beef Products,Undeclared Allergen,0,0,0,0,0,0,
047-2015,2015-03-17,2015,III,3,134,Buffalo Jerky,Other,0,0,0,0,0,0,
048-2015,2015-03-18,2015,I,1,"31,851",Stone Ridge Roasted Garlic Pork Tenderloin,Undeclared Allergen,0,0,0,0,0,0,
049-2015,2015-03-20,2015,I,1,232,Pork Potstickers and Chicken Dim Su,Undeclared Allergen,1,1,0,0,0,0,
050-2015,2015-03-20,2015,I,1,385,Pork and Beef Products,Other,1,0,0,0,1,0,
051-2015,2015-03-23,2015,III,3,"2,149",Roast Beef,Other,0,0,0,0,0,0,
052-2015,2015-03-25,2015,III,3,"62,841",Flap Meat Tb,Other,0,0,0,0,0,0,
053-2015,2015-04-01,2015,I,1,"1,108",Canned Corned Beef,Other,0,0,0,0,0,0,
054-2015,2015-04-02,2015,I,1,4,RTE Smoked Beef and Pork Product,Listeria monocytogenes,1,0,0,0,1,0,
055-2015,2015-04-02,2015,I,1,902,"Raw Cuts Of Beef, Lamb and Goat",Other,0,0,0,0,1,0,
056-2015,2015-04-08,2015,I,1,450,Beef and Chicken Burritos,Other,0,1,0,0,1,0,
057-2015,2015-04-08,2015,I,1,"34,923",Pork and Chicken Tamale,Undeclared Allergen,0,0,0,0,0,0,
058-2015,2015-04-10,2015,III,3,"8,294",Ground Beef,Extraneous Material,0,0,0,0,0,0,
059-2015,2015-04-11,2015,II,2,"15,600","Pork Yucatan, Tamales, Beef Brisket",Undeclared Allergen,0,0,0,0,0,0,
060-2015,2015-04-14,2015,I,1,"1,800",Veal Carcasses,Other,0,0,0,0,0,0,
061-2015,2015-04-14,2015,I,1,"1,920",Chicken Baby Food,Extraneous Material,0,0,0,0,0,0,
062-2015,2015-04-15,2015,II,2,569,"Cured Ham, Bacon and Jowls",Other,1,0,0,0,0,0,
063-2015,2015-04-17,2015,I,1,"3,821",Beef and Chicken Blintzes,Undeclared Allergen,0,0,0,0,0,0,
064-2015,2015-04-18,2015,I,1,"2,129",Cured and Uncured Pork,Processing Defect,0,0,0,0,0,0,
065-2015,2015-04-20,2015,III,3,737,Smoked Turkey and Beef Items,Undeclared Substance,0,0,1,0,1,0,
066-2015,2015-04-20,2015,II,2,"59,203",Fully Cooked Chicken Sausage Products,Other,0,0,0,0,0,0,
067-2015,2015-04-23,2015,I,1,"34,075",Grilled Chicken Breast Products,Extraneous Material,0,0,0,0,0,0,
068-2015,2015-04-24,2015,I,1,"10,164",Beef and Pork Products,Undeclared Allergen,0,0,0,0,0,0,
069-2015,2015-04-24,2015,II,2,"3,350",Beef and Pork Products,Undeclared Allergen,0,0,0,0,0,0,
070-2015,2015-04-27,2015,I,1,"1,029",Beef Products,E. coli,0,0,0,0,0,0,
071-2015,2015-04-29,2015,I,1,"9,073,384",Beef and Chicken Products,Undeclared Allergen,0,0,0,0,0,0,
072-2015,2015-04-30,2015,II,2,"159,291",Dried Beef Sausage,Undeclared Allergen,0,0,0,0,0,0,
073-2015,2015-05-01,2015,II,2,"4,672",Chicken Noodle Soup,Other,0,0,0,0,0,0,
074-2015,2015-05-01,2015,II,2,22,Ground Beef,Extraneous Material,0,0,0,0,1,0,
075-2015,2015-05-07,2015,I,1,665,Beef Products,Undeclared Allergen,0,0,0,0,1,0,
076-2015,2015-05-07,2015,II,2,"1,729",Raw Pork and Chicken Sausage Products,Undeclared Allergen,0,0,0,0,0,0,
077-2015,2015-05-08,2015,II,2,"46,612",Barbequed Pork With Sauce,Undeclared Allergen,0,0,0,0,0,0,
078-2015,2015-05-16,2015,II,2,414,Pork and Veal Stuffing Product,Undeclared Allergen,1,0,0,1,0,0,
079-2015,2015-05-14,2015,II,2,"2,191",Chicken and Turkey Products,Unapproved Substance,0,0,0,0,0,0,
080-2015,2015-05-17,2015,I,1,"2,522",Boneless Veal Trim Products,E. coli,0,0,0,0,0,0,
081-2015,2015-05-20,2015,I,1,"598,374","Chicken, Beef and Pork Products",Other,0,0,0,0,0,0,
082-2015,2015-05-22,2015,II,2,12,Roast Beef,Undeclared Allergen,0,0,0,0,1,0,
083-2015,2015-05-22,2015,II,2,"4,038",Pork Products,Other,0,0,0,0,0,0,
084-2015,2015-05-29,2015,I,1,"18,000",Turkey and Cheese Lunch Kits,Undeclared Allergen,0,0,0,0,0,0,
085-2015,2015-06-03,2015,I,1,"16,000",Ground Beef Products,E. coli,0,0,0,0,0,0,
086-2015,2015-06-04,2015,II,2,"29,052",Poultry and Pork Products,Other,0,0,0,0,0,0,
087-2015,2015-06-04,2015,I,1,"49,308",Pork Sausage Products,Extraneous Material,0,0,0,0,0,0,
088-2015,2015-06-06,2015,II,2,"11,670",Chicken and Turkey Sausage Products,Other,0,0,0,0,0,0,
089-2015,2015-06-09,2015,II,2,"93,006",Poultry Products,Undeclared Allergen,0,0,0,0,0,0,
090-2015,2015-06-12,2015,II,2,529,Beef Tongue,Other,0,0,0,0,1,0,
091-2015,2015-06-15,2015,I,1,36,Pork Products,Other,1,0,0,0,0,0,
092-2015,2015-06-16,2015,II,2,"25,380",Pork Sausage,Undeclared Allergen,0,0,0,0,0,0,
093-2015,2015-06-17,2015,III,3,"668,316",Poultry Products,Undeclared Substance,0,0,0,0,0,0,
094-2015,2015-06-20,2015,I,1,"2,478",Pork and Beef Products,Listeria monocytogenes,0,0,0,0,0,0,
095-2015,2015-06-26,2015,I,1,"67,232",Beef Products,Other,0,0,0,0,0,0,
096-2015,2015-07-02,2015,I,1,"1,765,814",Raw Stuffed Poultry Products,Salmonella,0,0,0,0,0,0,
097-2015,2015-07-03,2015,I,1,"26,975",Beef Products,E. coli,0,0,0,0,0,0,
098-2015,2015-07-07,2015,I,1,"1,540",Beef Lips,Other,0,0,0,0,0,0,
099-2015,2015-07-10,2015,II,2,495,Turkey Sausage Products,Extraneous Material,0,0,1,0,0,0,
100-2015,2015-07-15,2015,I,1,"20,232",Gluten-Free Breaded Chicken Product,Other,0,0,0,0,0,0,
101-2015,2015-07-15,2015,I,1,"2,539,680",Raw Stuffed and Breaded Chicken,Salmonella,0,0,0,0,0,0,
102-2015,2015-07-16,2015,III,3,"5,960",Sausage Products,Other,0,0,0,0,0,0,
103-2015,2015-07-20,2015,III,3,778,Salad Products With Bacon,Undeclared Substance,0,0,0,0,0,0,
104-2015,2015-07-23,2015,I,1,Undetermined,Beef Products,E. coli,0,0,0,0,1,0,
105-2015,2015-07-30,2015,I,1,"12,672",Squab,Other,0,0,0,0,0,0,
106-2015,2015-07-31,2015,I,1,"3,574",Poultry and Pork Products,Other,0,0,0,0,0,0,
107-2015,2015-08-03,2015,II,2,17,Beef Sausages,Other,0,0,0,0,1,0,
108-2015,2015-08-07,2015,II,2,"7,368",Cut-Up Chicken Products,Other,0,0,0,0,0,0,
109-2015,2015-08-11,2015,I,1,185,Jambalaya With Chicken and Andouille,Undeclared Allergen,0,1,0,0,0,0,
110-2015,2015-08-13,2015,I,1,"523,380",Whole Roaster Hogs & Assorted Pork,Salmonella,0,0,0,0,0,0,
111-2015,2015-08-14,2015,I,1,Undetermined,Steak and Chicken Pie Products,Other,0,1,0,0,0,0,
112-2015,2015-08-17,2015,I,1,"3,950",Beef Tallow,Other,0,0,0,0,0,0,
113-2015,2015-08-25,2015,II,2,"2,068,467","Oscar Mayer Turkey Bacon, Variety",Other,0,0,0,0,0,0,
114-2015,2015-08-26,2015,II,2,"6,644",Duck Head and Duck Neck Products,Undeclared Allergen,0,0,0,0,0,0,
115-2015,2015-08-27,2015,III,3,"20,063",Marinated Boneless Beef Tender Tip,Undeclared Allergen,0,0,0,0,0,0,
116-2015,2015-08-28,2015,I,1,41,Kung Pao-Style Chicken Wrap,Undeclared Allergen,0,1,0,0,0,0,
117-2015,2015-08-31,2015,I,1,"7,228",Canned Corned Beef,Other,0,0,0,0,0,0,
118-2015,2015-08-31,2015,III,3,"501,509",Quarter Pound Beef Patties,Undeclared Substance,0,0,0,0,0,0,
119-2015,2015-09-02,2015,I,1,"89,235",Pork Sausage Products,Extraneous Material,0,0,0,0,0,0,
120-2015,2015-09-08,2015,I,1,"5,391",Salami,Undeclared Substance,0,0,0,0,0,0,
121-2015,2015-09-08,2015,I,1,20,Ground Beef,E. coli,0,0,0,0,1,0,
122-2015,2015-09-10,2015,I,1,"18,406",Pork Rinds,Undeclared Allergen,0,0,0,0,0,0,
123-2015,2015-09-16,2015,I,1,"1,280",Parma Boneless Ham,Other,0,0,0,0,0,0,
124-2015,2015-09-24,2015,I,1,"554,090",Poultry Products,Extraneous Material,0,0,0,0,0,0,
125-2015,2015-09-25,2015,II,2,216,Chicken Product,Undeclared Allergen,0,1,0,0,0,0,
126-2015,2015-09-29,2015,I,1,230,Frozen Beef and Pork Products,Undeclared Allergen,1,0,0,0,1,0,
127-2015,2015-10-17,2015,I,1,"12,566","Beef, Pork, and Poultry",Other,0,0,0,0,0,0,
128-2015,2015-10-20,2015,I,1,276,Turkey Meatloaf,Undeclared Allergen,0,0,1,0,0,0,
129-2013,2015-10-22,2015,I,1,"25,920",Turkey Products,Other,0,0,0,0,0,0,
130-2015,2015-10-22,2015,I,1,"2,659",Packaged Soup Products,Other,0,0,0,0,0,0,
131-2015,2015-10-24,2015,I,1,234,Curry Chicken Salad Products,Listeria monocytogenes,0,1,0,0,0,0,
132-2015,2015-10-26,2015,I,1,224,"14-Lb. Of Smoked Kielbasa, 100-Lb.",Listeria monocytogenes,0,0,0,0,0,0,
133-2015,2015-10-30,2015,I,1,332,"Beef, Chicken, and Pork Dumpling",Other,0,0,0,0,1,0,
134-2015,2015-10-30,2015,II,2,190,Gluten Free Turkey Meatballs,Other,0,0,1,0,0,0,
135-2015,2015-11-01,2015,I,1,"167,427",Ground Beef,E. coli,0,0,0,0,0,0,
136-2015,2015-11-01,2015,I,1,265,Salad Kits With Chicken,Undeclared Allergen,0,1,0,0,0,0,
137-2015,2015-11-06,2015,II,2,168,Beef-Filled Dough (Steak Fiesta),Undeclared Allergen,0,0,0,0,1,0,
138-2015,2015-11-06,2015,I,1,"4,030",Boneless Pork Shoulders Products,Other,0,0,0,0,0,0,
139-2015,2015-11-07,2015,I,1,"5,208",Beef and Pork Jalapeño Cheddar Bratwurst,Undeclared Allergen,0,0,0,0,0,0,
140-2015,2015-11-07,2015,I,1,"3,607","Beef, Pork, and Poultry",Undeclared Allergen,0,0,0,0,0,0,
141-2015,2015-11-16,2015,II,2,"52,486",Chicken Wings,Other,0,0,0,0,0,0,
142-2015,2015-11-19,2015,II,2,"59,028",Mama Cozzi’s Rising Crust Pepperoni,Undeclared Allergen,0,0,0,0,0,0,
143-2015,2015-11-25,2015,II,2,Undetermined,Seasoned-Cooked Beef Top Round Product,Undeclared Allergen,0,0,0,0,1,0,
144-2015,2015-11-27,2015,I,1,"1,754",Beef and Chicken Empanada,Other,0,0,0,0,0,0,
145-2015,2015-12-03,2015,I,1,"152,010","Frozen, Pureed Meat and Poultry",Undeclared Allergen,0,0,0,0,0,0,
146-2015,2015-12-09,2015,II,2,"12,146",Boneless Ham,Undeclared Allergen,0,0,0,0,0,0,
147-2015,2015-12-18,2015,I,1,"4,338",Cured Pork Products,Other,0,0,0,0,0,0,
148-2015,2015-12-19,2015,I,1,Undetermined,Cured Pork Products,Other,1,0,0,0,0,0,
149-2015,2015-12-22,2015,II,2,"285,264",Boneless Pork Rib Entrées,Extraneous Material,0,0,0,0,0,0,
150-2015,2015-12-31,2015,II,2,235,Jafflz Retro Pocket Sandwiches,Processing Defect,0,0,0,0,0,0,
001-2014,2014-01-10,2014,I,1,"33,840",Mechanically Separated Chicken Products,Salmonella,0,0,0,0,0,0,
002-2014,2014-01-13,2014,I,1,"42,103",Various Beef Products,Other,0,0,0,0,0,0,
003-2014,2014-01-15,2014,I,1,"2,664",Beef Franks,Undeclared Allergen,0,0,0,0,0,0,
004-2014,2014-01-17,2014,II,2,"130,000",Beef and Pork Products,Undeclared Allergen,0,0,0,0,0,0,
005-2014,2014-01-17,2014,I,1,"67,113",Spiral Hams,Listeria monocytogenes,0,0,0,0,0,0,
006-2014,2014-01-19,2014,II,2,"1,770,000",Cheeseburger Mac Products,Undeclared Allergen,0,0,0,0,0,0,
007-2014,2014-01-27,2014,II,2,"1,250,000",Frozen Chicken Products,Undeclared Allergen,0,0,0,0,0,0,
008-2014,2014-01-30,2014,I,1,"2,446",Chicken Salad Products,Undeclared Allergen,0,0,0,0,0,0,
009-2014,2014-02-01,2014,II,2,"144,000",Various Meat and Poultry Products,Undeclared Allergen,0,0,0,0,0,0,
010-2014,2014-02-04,2014,I,1,"15,865",Beef Products,E. coli,0,0,0,0,0,0,
011-2014,2014-02-04,2014,I,1,"54,673",Chicken Noodle Soup,Undeclared Allergen,0,0,0,0,0,0,
012-2014,2014-02-08,2014,I,1,365,Beef Jerky,Processing Defect,0,0,0,0,1,0,
013-2014,2014-02-08,2014,I,1,"8,742,700",Various Beef Products,Other,0,0,0,0,0,0,
014-2014,2014-02-11,2014,II,2,"90,000",Beef Jerky Products,Undeclared Allergen,0,0,0,0,0,0,
015-2014,2014-02-15,2014,I,1,"309,594",Dried Egg Products,Salmonella,0,0,0,0,0,0,
016-2014,2014-02-22,2014,II,2,"8,895",Various Meat Products,Other,0,0,0,0,0,0,
017-2014,2014-02-26,2014,I,1,"1,282",Liver Pâté,Other,0,0,0,0,0,0,
018-2014,2014-03-07,2014,I,1,"29,200",Chicken Products,Undeclared Allergen,0,0,0,0,0,0,
019-2014,2014-04-01,2014,I,1,"8,730",Chicken Products,Undeclared Allergen,0,0,0,0,0,0,
020-2014,2014-04-02,2014,I,1,633,Fettuccini Alfredo with Chicken Products,Undeclared Allergen,0,1,0,0,0,0,
021-2014,2014-04-04,2014,II,2,"75,320",Chicken Nugget Products,Extraneous Material,0,0,0,0,0,0,
022-2014,2014-04-17,2014,II,2,"5,723",Salami Type Products,Other,0,0,0,0,0,0,
023-2014,2014-04-19,2014,I,1,"24,000",Chicken Breast Tenders Products,Undeclared Allergen,0,0,0,0,0,0,
024-2014,2014-04-20,2014,I,1,"96,000",Hot Dog Products,Undeclared Allergen,0,0,0,0,0,0,
025-2014,2014-04-24,2014,I,1,36,Baby Back Ribs,Other,0,0,0,0,0,0,
026-2014,2014-04-25,2014,II,2,350,Barbecue Pork Products,Undeclared Allergen,1,0,0,0,0,0,
027-2014,2014-05-03,2014,I,1,130,Curry Chicken Salad,Listeria monocytogenes,0,1,0,0,0,0,
028-2014,2014-05-16,2014,I,1,"222,000",Pork and Poultry Products,Other,0,0,0,0,0,0,
029-2014,2014-05-16,2014,III,3,"449,000",Pork Products,Other,0,0,0,0,0,0,
030-2014,2014-05-19,2014,I,1,"1,800,000",Ground Beef Products,E. coli,0,0,0,0,0,0,
031-2014,2014-05-21,2014,I,1,"23,250",Chicken Breast and Tender Products,Undeclared Allergen,0,0,0,0,0,0,
032-2014,2014-05-23,2014,I,1,"568,503",Beef Products,Undeclared Allergen,0,0,0,0,0,0,
033-2014,2014-05-29,2014,III,3,363,Boneless Skinless Chicken Breasts ,Other,0,1,0,0,0,0,
034-2014,2014-06-11,2014,II,2,"4,012",Ribeye and Carcass Products,Other,0,0,0,0,0,0,
035-2014,2014-06-13,2014,I,1,"3,156",Turkey Base,Undeclared Allergen,0,0,0,0,0,0,
036-2014,2014-06-19,2014,I,1,"12,180",Chicken Pad Thai,Undeclared Allergen,0,0,0,0,0,0,
037-2014,2014-06-19,2014,II,2,"3,660",Slab Bacon,Undeclared Allergen,0,0,0,0,0,0,
038-2014,2014-06-21,2014,I,1,332,Pork Mini Buns Products,Undeclared Allergen,1,0,0,0,0,0,
039-2014,2014-06-25,2014,II,2,"1,761",Sausage Products,Undeclared Allergen,0,0,0,0,0,0,
040-2014,2014-06-25,2014,III,3,34,Pork Products,Undeclared Substance,1,0,0,0,0,0,
041-2014,2014-06-26,2014,II,2,"14,760",Raw Pork Nugget Products,Undeclared Allergen,0,0,0,0,0,0,
042-2014,2014-06-27,2014,II,2,"5,896",Deli Ham Product,Extraneous Material,0,0,0,0,0,0,
043-2014,2014-07-03,2014,I,1,"75,465",Beef Products,Extraneous Material,0,0,0,0,0,0,
044-2014,2014-07-03,2014,I,1,0,Chicken Products,Salmonella,0,1,0,0,0,0,
045-2014,2014-07-04,2014,I,1,59,Various Chicken Products,Other,0,1,0,0,0,0,
046-2014,2014-07-18,2014,I,1,202,Grilled Chicken Product,Undeclared Allergen,0,1,0,0,0,0,
047-2014,2014-07-22,2014,II,2,"82,440",Sausage Product,Undeclared Allergen,0,0,0,0,0,0,
048-2014,2014-07-24,2014,I,1,475,Ready-to-Eat Products,Listeria monocytogenes,0,0,0,0,0,0,
049-2014,2014-07-26,2014,I,1,"2,476",Raw Boneless Turkey Breasts,Undeclared Allergen,0,0,0,0,0,0,
050-2014,2014-08-06,2014,I,1,"106,800",Sausage Product,Undeclared Allergen,0,0,0,0,0,0,
051-2014,2014-08-09,2014,III,3,"57,578",Chicken Strip Products,Processing Defect,0,0,0,0,0,0,
052-2014,2014-08-12,2014,II,2,"15,306",Chicken Nugget Product,Extraneous Material,0,0,0,0,0,0,
053-2014,2014-08-15,2014,I,1,368,Ground Beef Products,E. coli,0,0,0,0,1,0,
054-2014,2014-08-21,2014,I,1,"92,657",Chicken Caesar Salad Kits,Listeria monocytogenes,0,0,0,0,0,0,
055-2014,2014-08-27,2014,I,1,"8,316",Breaded Chicken Product,Listeria monocytogenes,0,0,0,0,0,0,
056-2014,2014-09-06,2014,II,2,720,"Fresh, Raw Chicken Products",Processing Defect,0,0,0,0,0,0,
057-2014,2014-09-12,2014,I,1,"4,820",Pork Sausage,Undeclared Allergen,0,0,0,0,0,0,
058-2014,2014-09-12,2014,I,1,0,Beef Jerky Products,Other,0,0,0,0,1,0,
059-2014,2014-09-23,2014,I,1,607, Uncured Beef Corn Dogs,Other,0,0,0,0,1,0,
060-2014,2014-09-25,2014,I,1,"39,747",Frozen Chicken Breast Strips,Listeria monocytogenes,0,0,0,0,0,0,
061-2014,2014-09-25,2014,I,1,"23,100",Beef Products,E. coli,0,0,0,0,0,0,
062-2014,2014-09-27,2014,I,1,8,Beef Jerky Products,Other,0,0,0,0,1,0,
063-2014,2014-09-30,2014,III,3,"2,633",Ground Beef,Extraneous Material,0,0,0,0,0,0,
064-2014,2014-10-02,2014,I,1,160,Pork Blood Product,Other,1,0,0,0,0,0,
065-2014,2014-10-03,2014,I,1,48,Beef Jerky Products,Other,0,0,0,0,1,0,
066-2014,2014-10-04,2014,II,2,"90,987",Ground Beef Products,Extraneous Material,0,0,0,0,0,0,
067-2014,2014-10-06,2014,I,1,540,Beef Products,Processing Defect,0,0,0,0,1,0,
068-2014,2014-10-07,2014,I,1,"62,488",Meat and Poultry Products,Listeria monocytogenes,0,0,0,0,0,0,
069-2014,2014-10-14,2014,I,1,"1,008",Italian Style Wedding Soup,Undeclared Allergen,0,0,0,0,0,0,
070-2014,2014-10-16,2014,II,2,"115,505",Chicken Products,Undeclared Allergen,0,0,0,0,0,0,
071-2014,2014-10-17,2014,I,1,"27,948",Lamb Products,Other,0,0,0,0,0,0,
072-2014,2014-10-24,2014,II,2,377,Salad with Chicken,Undeclared Allergen,0,1,0,0,0,0,
073-2014,2014-10-24,2014,I,1,"28,980",Chicken Products,Salmonella,0,0,0,0,0,0,
074-2014,2014-10-25,2014,I,1,"31,689",Chicken Products,Other,0,0,0,0,0,0,
075-2014,2014-10-30,2014,I,1,"25,765",Boudin Products,Other,0,0,0,0,0,0,
076-2014,2014-11-06,2014,I,1,"6,560",Pork Products,Undeclared Allergen,0,0,0,0,0,0,
077-2014,2014-11-09,2014,II,2,"4,465",Frozen Pork Products,Undeclared Allergen,0,0,0,0,0,0,
078-2014,2014-11-14,2014,I,1,"2,059",Pierogi Products,Undeclared Allergen,0,0,0,0,0,0,
079-2014,2014-11-15,2014,I,1,"1,208,951",Pretzel Dog Products,Undeclared Allergen,0,0,0,0,0,0,
080-2014,2014-11-19,2014,II,2,"2,902",Pork Products,Undeclared Allergen,0,0,0,0,0,0,
081-2014,2014-11-19,2014,I,1,14,Sausage Products,Undeclared Allergen,1,0,0,0,0,0,
082-2014,2014-11-22,2014,I,1,"1,200",Ground Beef Products,E. coli,0,0,0,0,0,0,
083-2014,2014-12-04,2014,I,1,"44,372",Pork Belly Product,Other,0,0,0,0,0,0,
084-2014,2014-12-10,2014,II,2,308,Chef Salads with Ham and Turkey,Undeclared Allergen,0,0,1,0,0,0,
085-2014,2014-12-19,2014,III,3,"2,719",Spicy Sausage Pasta Products,Other,0,0,0,0,0,0,
086-2014,2014-12-22,2014,III,3,"80,050",Hickory Smoked Sliced Bacon,Undeclared Substance,0,0,0,0,0,0,
087-2014,2014-12-22,2014,I,1,"26,108",Pork Products,Other,0,0,0,0,0,0,
088-2014,2014-12-23,2014,III,3,"3,450",Sliced Uncured Apple Smoked Bacon ,Other,0,0,0,0,0,0,
089-2014,2014-12-27,2014,I,1,"190,450",Pork Products,Undeclared Allergen,0,0,0,0,0,0,
090-2014,2014-12-27,2014,I,1,"83,666",Pork products,Undeclared Allergen,0,0,0,0,0,0,
091-2014,2014-12-27,2014,I,1,"55,813",Chicken and Beef Products,Undeclared Allergen,0,0,0,0,0,0,
092-2014,2014-12-29,2014,I,1,"38,400",Beef and Pork Products,Undeclared Allergen,0,0,0,0,0,0,
093-2014,2014-12-31,2014,I,1,"5,300",Chicken Products,Undeclared Allergen,0,0,0,0,0,0,
094-2014,2014-12-31,2014,I,1,"4,474",Canned Soup Products,Undeclared Allergen,0,0,0,0,0,0,
001-2013,2013-01-15,2013,I,1,"2,532",Ground Beef Products,E. coli,0,0,0,0,0,0,
002-2013,2013-01-17,2013,I,1,"2,764",Poultry Products,Other,0,0,0,0,0,0,
003-2013,2013-01-18,2013,I,1,"1,572",Chicken Nuggets,Undeclared Allergen,0,0,0,0,0,0,
004-2013,2013-01-19,2013,I,1,"33,500",Cooked Meat and Poultry Products,Listeria monocytogenes,0,0,0,0,0,0,
005-2013,2013-01-22,2013,III,3,"79,400",Marinated Pork and Chicken Products,Undeclared Substance,0,0,0,0,0,0,
006-2013,2013-01-23,2013,II,2,Undetermined,Frozen Pizza,Extraneous Material,0,0,0,0,0,0,
007-2013,2013-01-24,2013,I,1,"4,700",Head Cheese,Salmonella,0,0,0,0,0,0,
008-2013,2013-01-24,2013,I,1,500,Ground Beef,Salmonella,0,0,0,0,1,0,
009-2013,2013-01-25,2013,I,1,550,Ground Beef,Salmonella,0,0,0,0,1,0,
010-2013,2013-01-25,2013,I,1,"1,200",Chicken Fried Chicken Breasts,Extraneous Material,0,0,0,0,0,0,
011-2013,2013-01-28,2013,II,2,213,Beef Jerky,Undeclared Allergen,0,0,0,0,1,0,
012-2013,2013-01-30,2013,I,1,"1,260",Veal Trimmings,E. coli,0,0,0,0,0,0,
013-2013,2013-01-31,2013,II,2,685,Tamales,Undeclared Allergen,0,0,0,0,0,0,
014-2013,2013-02-02,2013,I,1,"4,454",Liver Pâté,Undeclared Allergen,0,0,0,0,0,0,
015-2013,2013-02-08,2013,I,1,"15,328",Country Fried Steaks,Extraneous Material,0,0,0,0,0,0,
016-2013,2013-02-14,2013,I,1,315,Roast Beef,Listeria monocytogenes,0,0,0,0,1,0,
017-2013,2013-02-21,2013,II,2,"38,000",Mild Pork Sausage Roll,Extraneous Material,0,0,0,0,0,0,
018-2013,2013-02-27,2013,II,2,"8,424",Chicken Sausage Product,Extraneous Material,0,0,0,0,0,0,
019-2013,2013-03-02,2013,I,1,"6,586",Ham Products,Other,0,0,0,0,0,0,
020-2013,2013-03-06,2013,II,2,"25,000",Bolognese Sauce,Undeclared Allergen,0,0,0,0,0,0,
021-2013,2013-03-12,2013,I,1,"6,120",Chicken Sausages,Listeria monocytogenes,0,0,0,0,0,0,
022-2013,2013-03-15,2013,I,1,"2,433",Pork Products,Other,0,0,0,0,0,0,
023-2013,2013-03-15,2013,III,3,"5,820",Ground Beef,Extraneous Material,0,0,0,0,0,0,
024-2013,2013-03-25,2013,II,2,"15,270",Bone-in Ribeye,Other,0,0,0,0,0,0,
025-2013,2013-03-28,2013,I,1,"10,500,000",Frozen Meal and Snack Products,E. coli,0,0,0,0,0,0,
026-2013,2013-04-02,2013,I,1,"127,000",Breaded Chicken Products,Undeclared Allergen,0,0,0,0,0,0,
027-2013,2013-04-10,2013,II,2,"1,133",Pork Jerky,Undeclared Allergen,0,0,0,0,0,0,
028-2013,2013-04-10,2013,I,1,"468,000",RTE Deli Meats,Listeria monocytogenes,0,0,0,0,0,0,
029-2013,2013-05-01,2013,I,1,"25,000",Frozen Pasta Products,Other,0,0,0,0,0,0,
030-2013,2013-05-02,2013,I,1,234,Chorizo and Mozzarella Roll,Undeclared Allergen,0,0,0,0,0,0,
031-2013,2013-05-02,2013,I,1,"97,000",Frozen Pizzas,Extraneous Material,0,0,0,0,0,0,
032-2013,2013-05-02,2013,I,1,123,RTE Meatballs,Listeria monocytogenes,0,0,0,0,0,0,
033-2013,2013-05-07,2013,I,1,200,Pork Sausages,Other,1,0,0,0,0,0,
034-2013,2013-05-10,2013,I,1,"17,037",Stew Products,Undeclared Allergen,0,0,0,0,0,0,
035-2013,2013-05-10,2013,I,1,"1,471",Pork Pies,Undeclared Allergen,0,0,0,0,0,0,
036-2013,2013-05-21,2013,II,2,"6,165",RTE Grilled Chicken Strips,Undeclared Allergen,0,0,0,0,0,0,
037-2013,2013-06-03,2013,I,1,"2,025",Beef Lasagna,Undeclared Allergen,0,0,0,0,0,0,
038-2013,2013-06-12,2013,I,1,678,BBQ Flavored Ranch Salad with Chicken,Undeclared Allergen,0,1,0,0,0,0,
039-2013,2013-06-12,2013,II,2,"1,800",Beef Jerky,Undeclared Allergen,0,0,0,0,0,0,
040-2013,2013-06-18,2013,I,1,"22,737",Ground Beef,E. coli,0,0,0,0,0,0,
041-2013,2013-06-19,2013,II,2,"18,000",Mechanically Separated Chicken,Extraneous Material,0,0,0,0,0,0,
042-2013,2013-06-26,2013,II,2,"12,560",Blue Cheese Chicken Dip Products,Undeclared Allergen,0,0,0,0,0,0,
043-2013,2013-07-31,2013,I,1,"50,100",Ground Beef,E. coli,0,0,0,0,0,0,
044-2013,2013-07-31,2013,I,1,"2,486",Frozen Chicken Meals,Undeclared Allergen,0,0,0,0,0,0,
045-2013,2013-08-09,2013,I,1,"12,600",Boneless Veal,E. coli,0,0,0,0,0,0,
046-2013,2013-08-23,2013,II,2,"69,123",Cured Pork Products,Undeclared Allergen,0,0,0,0,0,0,
047-2013,2013-08-28,2013,I,1,109,Beef Jerky,Processing Defect,0,0,0,0,1,0,
048-2013,2013-08-28,2013,I,1,"116,404",Beef Pattie and Chub Products,Undeclared Allergen,0,0,0,0,0,0,
049-2013,2013-08-30,2013,I,1,"1,740",Spaghettios,Undeclared Allergen,0,0,0,0,0,0,
050-2013,2013-09-06,2013,I,1,"1,650",Calzones,Undeclared Allergen,0,0,0,0,0,0,
051-2013,2013-09-12,2013,I,1,690,Beef Tongue Root Filet Products,E. coli,0,0,0,0,1,0,
052-2013,2013-09-13,2013,I,1,420,Provance French Puff Pastry Product,Undeclared Allergen,0,0,0,0,0,0,
053-2013,2013-09-16,2013,I,1,"169,655",Ravioli Products,Other,0,0,0,0,0,0,
054-2013,2013-09-19,2013,I,1,"58,240",Ground Beef,Extraneous Material,0,0,0,0,0,0,
055-2013,2013-09-25,2013,I,1,"132,950",RTE Chicken and Ham Products,Other,0,0,0,0,0,0,
056-2013,2013-09-27,2013,II,2,"17,194",Frozen Pizza Products,Undeclared Allergen,0,0,0,0,0,0,
057-2013,2013-10-01,2013,III,3,"89,720",Ground Beef,Extraneous Material,0,0,0,0,0,0,
058-2013,2013-10-12,2013,I,1,"39,755",Rotisserie Chicken Products,Salmonella,0,0,0,0,0,0,
059-2013,2013-10-22,2013,I,1,"22,800",Various RTE Products,Listeria monocytogenes,0,0,0,0,0,0,
060-2013,2013-10-22,2013,I,1,Undetermined,Ground Beef,E. coli,0,0,0,0,1,0,
061-2013,2013-10-24,2013,I,1,"222,959",RTE Chicken Salad Products,Listeria monocytogenes,0,0,0,0,0,0,
062-2013,2013-10-25,2013,I,1,"27,933",RTE Broccoli Salad Kits,Listeria monocytogenes,0,0,0,0,0,0,
063-2013,2013-10-26,2013,II,2,"13,118",Salami Products,Other,0,0,0,0,0,0,
064-2013,2013-11-07,2013,III,3,809,Chicken Sausage,Undeclared Substance,0,1,0,0,0,0,
065-2013,2013-11-10,2013,I,1,"181,620",RTE Salads and Wraps,E. coli,0,0,0,0,0,0,
066-2013,2013-11-13,2013,I,1,251,Poultry Products,Other,0,0,0,0,0,0,
067-2013,2013-11-22,2013,II,2,101,RTE Pork Roast Products,Other,1,0,0,0,0,0,
068-2013,2013-11-22,2013,I,1,"156,924",Chicken Fettuccine Alfredo Products,Undeclared Allergen,0,0,0,0,0,0,
069-2013,2013-11-22,2013,I,1,"5,616",Bolognese Sauce Products,Undeclared Allergen,0,0,0,0,0,0,
070-2013,2013-11-27,2013,III,3,"3,536","Smoked, Uncured Hams",Other,0,0,0,0,0,0,
071-2013,2013-12-06,2013,I,1,"2,600",Prosciutto Ham Product,Listeria monocytogenes,0,0,0,0,0,0,
072-2013,2013-12-06,2013,II,2,"22,368",Chicken Noodle Soup,Undeclared Allergen,0,0,0,0,0,0,
073-2013,2013-12-09,2013,I,1,"90,000",Meat and Poultry Products,Other,0,0,0,0,0,0,
074-2013,2013-12-19,2013,I,1,740,Dried Sausage Products,Processing Defect,1,0,0,0,0,0,
075-2013,2013-12-20,2013,I,1,"24,784","Frozen, Raw Chicken Products",Other,0,0,0,0,0,0,
001-2012,2012-01-14,2012,I,1,"3,104",Seasoned Diced Beef Products,Extraneous Material,0,0,0,0,0,0,
002-2012,2012-01-27,2012,I,1,"2,645",Beef Sirloin Products,Undeclared Allergen,0,0,0,0,0,0,
003-2012,2012-01-27,2012,I,1,118,Julienne Salad Products,Listeria monocytogenes,0,0,0,0,0,0,
004-2012,2012-02-02,2012,I,1,23,Chef Salad Products,Listeria monocytogenes,0,0,0,0,0,0,
005-2012,2012-02-03,2012,I,1,515,Cobb Salad Products,Listeria monocytogenes,0,0,0,0,0,0,
006-2012,2012-02-03,2012,I,1,389,Cobb and Spinach Salads,Listeria monocytogenes,0,0,0,0,0,0,
007-2012,2012-02-07,2012,I,1,"1,200",Chicken Salad Products,Listeria monocytogenes,0,0,0,0,0,0,
008-2012,2012-02-10,2012,II,2,"25,600",Cooked Pork Hocks,Undeclared Allergen,0,0,0,0,0,0,
009-2012,2012-02-15,2012,I,1,Undetermined,Meat and Poultry Products,Other,0,0,0,0,0,0,
010-2012,2012-02-16,2012,I,1,"3,800",Chili Products,Other,0,0,0,0,0,0,
011-2012,2012-02-27,2012,III,3,200,Country Breakfast Sausage,Undeclared Substance,1,0,0,0,0,0,
012-2012,2012-03-02,2012,II,2,147,Frozen RTE Pizza Stick Products,Other,0,0,0,0,0,0,
013-2012,2012-03-06,2012,II,2,"12,060",Pizza Topping Products,Undeclared Allergen,0,0,0,0,0,0,
014-2012,2012-03-17,2012,I,1,"1,784",Grilled Chicken Caesar Wrap,Undeclared Allergen,0,0,0,0,0,0,
015-2012,2012-03-19,2012,III,3,"84,587",Pork Product,Other,0,0,0,0,0,0,
016-2012,2012-03-21,2012,I,1,"2,373",RTE Beef Sausage Products,Listeria monocytogenes,0,0,0,0,0,0,
017-2012,2012-03-24,2012,I,1,"16,800",Ground Beef Patties,E. coli,0,0,0,0,0,0,
018-2012,2012-03-26,2012,I,1,"64,020",Smoked Sausage Product,Undeclared Allergen,0,0,0,0,0,0,
019-2012,2012-03-29,2012,I,1,"1,100","Stuffed, Layered Beef Products",Listeria monocytogenes,0,0,0,0,0,0,
020-2012,2012-03-30,2012,I,1,187,Chicken Products,Undeclared Allergen,0,1,0,0,0,0,
021-2012,2012-03-31,2012,II,2,"26,136",Chicken Apple Sausage Products,Extraneous Material,0,0,0,0,0,0,
022-2012,2012-04-03,2012,I,1,"5,400",Stuffed Potato Product,Undeclared Allergen,0,0,0,0,0,0,
023-2012,2012-04-06,2012,III,3,"50,820",Steamed BBQ Flavored Pork Buns,Undeclared Substance,0,0,0,0,0,0,
024-2012,2012-04-11,2012,I,1,"2,057",Ground and Tenderized Beef Products,E. coli,0,0,0,0,0,0,
025-2012,2012-04-17,2012,II,2,"16,890",Frozen Entrées,Undeclared Allergen,0,0,0,0,0,0,
026-2012,2012-04-20,2012,I,1,"3,000",Sausage Products,Undeclared Allergen,0,0,0,0,0,0,
027-2012,2012-04-20,2012,I,1,311,Pizza Calzone Products,Listeria monocytogenes,0,0,0,0,0,0,
028-2012,2012-05-10,2012,II,2,"5,156",Chorizo Product,Undeclared Allergen,0,0,0,0,0,0,
029-2012,2012-05-17,2012,II,2,"3,300",Beef Samosa Products,Other,0,0,0,0,0,0,
030-2012,2012-05-17,2012,I,1,"20,520",Lamb Koftis,Undeclared Allergen,0,0,0,0,0,0,
031-2012,2012-05-18,2012,II,2,"15,040",Turkey Burger Product,Undeclared Allergen,0,0,0,0,0,0,
032-2012,2012-05-19,2012,II,2,456,Steakhouse Burgers,Undeclared Allergen,0,0,0,0,0,0,
033-2012,2012-05-22,2012,II,2,"13,776",Lasagna Products,Undeclared Allergen,0,0,0,0,0,0,
034-2012,2012-05-24,2012,II,2,"3,660",Smoked Bratwurst Product,Undeclared Allergen,0,0,0,0,0,0,
035-2012,2012-05-24,2012,II,2,100,"Frozen, Raw Chicken Breast Product",Undeclared Allergen,0,0,0,0,0,0,
036-2012,2012-06-01,2012,II,2,"13,200",Raw and RTE Pork Roll Products,Undeclared Allergen,0,0,0,0,0,0,
037-2012,2012-06-02,2012,I,1,400,RTE Pork Product,Listeria monocytogenes,1,0,0,0,0,0,
038-2012,2012-06-06,2012,I,1,"96,408",Meat Lasagna Products,Undeclared Allergen,0,0,0,0,0,0,
039-2012,2012-06-11,2012,III,3,"55,757",Pork Dumpling Products,Undeclared Substance,0,0,0,0,0,0,
040-2012,2012-06-13,2012,I,1,"3,534",Raw Stuffed Chicken Product,Undeclared Allergen,0,0,0,0,0,0,
041-2012,2012-06-21,2012,III,3,"1,350",Ground Smoked Bacon Product,Extraneous Material,0,0,0,0,0,0,
042-2012,2012-07-07,2012,I,1,"324,770","Frozen, RTE Meat and Poultry Meatballs",Listeria monocytogenes,0,0,0,0,0,0,
043-2012,2012-07-13,2012,II,2,"94,850",Corn Chowder Soup Products,Extraneous Material,0,0,0,0,0,0,
044-2012,2012-07-19,2012,I,1,"72,510","Frozen, RTE Meat and Poultry Meatballs",Listeria monocytogenes,0,0,0,0,0,0,
045-2012,2012-07-22,2012,I,1,"29,339",Ground Beef Products,Salmonella,0,0,0,0,0,0,
046-2012,2012-07-26,2012,I,1,79,Chicken and Yam Pie Products,Undeclared Allergen,0,1,0,0,0,0,
047-2012,2012-07-27,2012,I,1,"5,610",Barbeque Chicken Salads,Listeria monocytogenes,0,0,0,0,0,0,
048-2012,2012-07-27,2012,I,1,735,RTE Chipotle Chicken Wrap Products,Listeria monocytogenes,0,1,0,0,0,0,
049-2012,2012-07-27,2012,I,1,314,Sausage Products,Listeria monocytogenes,1,0,0,0,0,0,
050-2012,2012-07-27,2012,II,2,"70,500",Canned Premium Chunk Chicken,Undeclared Allergen,0,0,0,0,0,0,
051-2012,2012-08-01,2012,I,1,"13,600",Meat and Poultry Salad Products,Listeria monocytogenes,0,0,0,0,0,0,
052-2012,2012-08-02,2012,II,2,"37,600",Frozen Bacon Cheeseburger Patties,Extraneous Material,0,0,0,0,0,0,
053-2012,2012-08-05,2012,I,1,"15,880",RTE Meat and Poultry Products,Listeria monocytogenes,0,0,0,0,0,0,
054-2012,2012-08-06,2012,III,3,"6,210",Chorizo Sausage,Undeclared Substance,0,0,0,0,0,0,
055-2012,2012-08-14,2012,I,1,"38,200",Beef Products,E. coli,0,0,0,0,0,0,
056-2012,2012-08-15,2012,II,2,"4,100",Meat and Poultry Soup Products,Extraneous Material,0,0,0,0,0,0,
057-2012,2012-08-15,2012,II,2,"48,000",Turkey Sausage with Cheddar Cheese Products,Extraneous Material,0,0,0,0,0,0,
058-2012,2012-08-16,2012,III,3,605,Frozen Boneless Rib-Shaped Patties with BBQ Sauce,Other,0,0,0,0,0,0,
059-2012,2012-08-16,2012,I,1,"77,688",Grilled Chicken Caesar Salad Kits,Salmonella,0,0,0,0,0,0,
060-2012,2012-08-30,2012,III,3,"2,920",Frozen Bratwurst Patties,Extraneous Material,0,0,0,0,0,0,
061-2012,2012-09-14,2012,II,2,"2,250",Crunchy Chicken Strip Products,Extraneous Material,0,0,0,0,0,0,
062-2012,2012-09-21,2012,I,1,"1,305",Bratwurst Sausage Products,Undeclared Allergen,0,0,0,0,0,0,
063-2012,2012-09-28,2012,I,1,"16,576",Corn Dog Products,Undeclared Allergen,0,0,0,0,0,0,
064-2012,2012-10-05,2012,II,2,"3,744",Chicken Quesadilla Product,Undeclared Allergen,0,0,0,0,0,0,
065-2012,2012-10-10,2012,I,1,"67,269",Boneless Chicken Wyngz,Undeclared Allergen,0,0,0,0,0,0,
066-2012,2012-10-15,2012,I,1,"8,200",Various Beef and Pork Products,Other,0,0,0,0,0,0,
067-2012,2012-10-22,2012,III,3,"1,768,600",Maple Sausage Links and Patties,Undeclared Substance,0,0,0,0,0,0,
068-2012,2012-10-22,2012,I,1,"2,310",Ground Beef Products,E. coli,0,0,0,0,0,0,
069-2012,2012-10-22,2012,I,1,"4,100",Ground Beef Products,E. coli,0,0,0,0,0,0,
070-2012,2012-10-30,2012,II,2,"11,400",Frozen Chicken Enchilada Products,Extraneous Material,0,0,0,0,0,0,
071-2012,2012-11-01,2012,I,1,"1,440",Chicken Breast Nugget Products,Undeclared Allergen,0,0,0,0,0,0,
072-2012,2012-11-02,2012,II,2,"28,528","Frozen, Fully Cooked Chicken Products",Extraneous Material,0,0,0,0,0,0,
073-2012,2012-11-09,2012,II,2,99,Beef Tongue Products,Other,0,0,0,0,1,0,
074-2012,2012-11-13,2012,I,1,"90,975",Bourbon Barbecue Sausage Products,Processing Defect,0,0,0,0,0,0,
075-2012,2012-11-20,2012,III,3,"16,100",Kielbasa Products,Extraneous Material,0,0,0,0,0,0,
076-2012,2012-11-21,2012,III,3,"1,331",Chicken Empanadas,Undeclared Substance,0,0,0,0,0,0,
077-2012,2012-11-29,2012,III,3,271,Jalapeño Vienna Sausage Products,Undeclared Substance,1,0,0,0,0,0,
078-2012,2012-12-04,2012,I,1,"2,375",RTE Beef and Cheese Pie Products,Other,0,0,0,0,0,0,
079-2012,2012-12-06,2012,II,2,"35,800",Breaded Chicken Products,Extraneous Material,0,0,0,0,0,0,
080-2012,2012-12-14,2012,I,1,"2,650",Mortadella,Undeclared Allergen,0,0,0,0,0,0,
081-2012,2012-12-21,2012,I,1,"6,039",Pigs in the Blanket Products,Undeclared Allergen,0,0,0,0,0,0,
082-2012,2012-12-21,2012,I,1,"2,320",Frozen Honey BBQ Chicken Wing Products,Undeclared Allergen,0,0,0,0,0,0,
001-2011,2011-01-03,2011,III,3,600,Frozen Chicken Mushroom Pies,Undeclared Substance,0,1,0,0,0,0,
002-2011,2011-01-06,2011,I,1,"144,633",Frozen Meat and Poultry Tamale Products,Undeclared Allergen,0,0,0,0,0,0,
003-2011,2011-01-10,2011,II,2,"247,800",Ground Beef Products,Other,0,0,0,0,0,0,
004-2011,2011-01-11,2011,III,3,"101,629","Breakfast Stackers Sausage, Egg & Cheese",Undeclared Substance,0,0,0,0,0,0,
005-2011,2011-01-14,2011,II,2,"2,234",Beef Trim,Other,0,0,0,0,0,0,
006-2011,2011-01-18,2011,I,1,"7,875",RTE Angus Beef Patties,Listeria monocytogenes,0,0,0,0,0,0,
007-2011,2011-01-28,2011,II,2,654,Frozen Veal Ravioli Products,Undeclared Allergen,0,0,0,1,0,0,
008-2011,2011-02-05,2011,I,1,"3,170",Ground Beef Products,E. coli,0,0,0,0,0,0,
009-2011,2011-02-09,2011,I,1,"4,680",Barbecue Pork Products,Undeclared Allergen,0,0,0,0,0,0,
010-2011,2011-02-16,2011,II,2,Undetermined,Chili Products,Undeclared Allergen,0,0,0,0,0,0,
011-2011,2011-02-23,2011,III,3,"1,050",Chicken and Noodle Products,Other,0,0,0,0,0,0,
012-2011,2011-02-24,2011,I,1,Undetermined,Meat and Poultry Products,Other,0,0,0,0,0,0,
013-2011,2011-02-25,2011,III,3,87,Buffalo Chicken Cheese Dip Products,Undeclared Substance,0,1,0,0,0,0,
014-2011,2011-02-25,2011,II,2,"3,339",Whole Chicken Products,Other,0,0,0,0,0,0,
015-2011,2011-02-28,2011,I,1,775,Chicken and Mushroom Pie Products,Undeclared Allergen,0,1,0,0,0,0,
016-2011,2011-03-01,2011,I,1,"64,000",Chicken and Pork Products,Listeria monocytogenes,0,0,0,0,0,0,
017-2011,2011-03-08,2011,I,1,"14,158",Ground Beef Products,E. coli,0,0,0,0,0,0,
018-2011,2011-03-09,2011,I,1,"2,997",Bologna Products,Processing Defect,0,0,0,0,0,0,
019-2011,2011-03-11,2011,I,1,83,Red Meat Jerky Products,Undeclared Allergen,0,0,0,0,0,0,
020-2011,2011-03-11,2011,II,2,"5,125",Honey Cured Turkey Sticks,Undeclared Allergen,0,0,0,0,0,0,
021-2011,2011-03-14,2011,II,2,"10,260",Frozen Spaghetti and Meatball Entrees,Extraneous Material,0,0,0,0,0,0,
022-2011,2011-03-15,2011,III,3,612,Pork Loin Cutlet Fritter Products,Undeclared Substance,1,0,0,0,0,0,
023-2011,2011-03-17,2011,I,1,"2,790",Southwest Style Chicken Products,Undeclared Allergen,0,0,0,0,0,0,
024-2011,2011-03-21,2011,III,3,"2,130",Smoked Ham and Bacon Products,Undeclared Substance,0,0,0,0,0,0,
025-2011,2011-03-22,2011,I,1,"23,000",Lebanon Bologna Products,E. coli,0,0,0,0,0,0,
026-2011,2011-03-29,2011,II,2,"131,000",Pizza Products,Undeclared Allergen,0,0,0,0,0,0,
027-2011,2011-03-31,2011,I,1,"53,210","Frozen, Cooked Italian Style Chicken Breast Fillet Products",Undeclared Allergen,0,0,0,0,0,0,
028-2011,2011-04-01,2011,I,1,"54,960","Frozen, Raw Turkey Burger Products",Salmonella,0,0,0,0,0,0,
029-2011,2011-04-27,2011,II,2,87,Teriyaki Flavored Kippered Turkey and Beef Products,Undeclared Allergen,0,0,1,0,1,0,
030-2011,2011-04-29,2011,II,2,772,Beef Jerky Products,Undeclared Allergen,0,0,0,0,1,0,
031-2011,2011-04-30,2011,I,1,"188,181",Reduced Sodium Chicken Noodle Soup,Undeclared Allergen,0,0,0,0,0,0,
032-2011,2011-05-04,2011,I,1,"216,238",Portobello Mushroom Flavored Pork Loins,Undeclared Allergen,0,0,0,0,0,0,
033-2011,2011-05-04,2011,I,1,"22,000",RTE Fresh Salad Products,Salmonella,0,0,0,0,0,0,
034-2011,2011-05-06,2011,II,2,"285,100","Barbecue Beef, Pork and Chicken Products",Undeclared Allergen,0,0,0,0,0,0,
035-2011,2011-05-06,2011,II,2,"18,648",Chicken Products,Undeclared Allergen,0,0,0,0,0,0,
036-2011,2011-05-11,2011,III,3,252,Kippered Beef,Undeclared Substance,0,0,0,0,1,0,
037-2011,2011-05-13,2011,I,1,"15,900",RTE Deli Meat Products,Listeria monocytogenes,0,0,0,0,0,0,
R01-2011,2011-05-25,2011,I,1,500,Ground Beef Products,E. coli,0,0,0,0,1,0,
038-2011,2011-05-27,2011,I,1,770,Asian Chicken Noodle Salad,Undeclared Allergen,0,1,0,0,0,0,
039-2011,2011-05-31,2011,I,1,900,Ground Beef Products,E. coli,0,0,0,0,1,0,
040-2011,2011-06-02,2011,III,3,"22,594",Chicken and Ham Salad Products,Undeclared Substance,0,0,0,0,0,0,
041-2011,2011-06-10,2011,II,2,"84,000",Cooked Beef and Pork Meatball Products,Undeclared Allergen,0,0,0,0,0,0,
042-2011,2011-06-15,2011,I,1,"5,160",Burgoo Soup,Undeclared Allergen,0,0,0,0,0,0,
043-2011,2011-06-21,2011,I,1,"3,200",Raw and RTE Sausage Products,Other,0,0,0,0,0,0,
044-2011,2011-06-22,2011,I,1,36,Pork Egg Rolls,Undeclared Allergen,1,0,0,0,0,0,
045-2011,2011-06-24,2011,I,1,"5,700",Boneless Serrano Ham Products,Listeria monocytogenes,0,0,0,0,0,0,
046-2011,2011-07-05,2011,I,1,"18,416","Boneless, Fully Cooked Ham Products",Listeria monocytogenes,0,0,0,0,0,0,
047-2011,2011-07-06,2011,I,1,"1,550",Convenience Meals,Listeria monocytogenes,0,0,0,0,0,0,
048-2011,2011-07-14,2011,I,1,137,RTE Smoked Duck Breast Products,Salmonella,0,0,0,0,0,0,
049-2011,2011-07-14,2011,I,1,197,RTE Smoked Duck Breast Products,Salmonella,0,0,0,0,0,0,
050-2011,2011-07-19,2011,I,1,"7,105","RTE Chicken, Turkey, Beef and Pork Products",Listeria monocytogenes,0,0,0,0,0,0,
051-2011,2011-07-20,2011,II,2,"4,530",Marinated Beef Products,Undeclared Allergen,0,0,0,0,0,0,
052-2011,2011-07-20,2011,I,1,"18,412",RTE Chicken Products,Listeria monocytogenes,0,0,0,0,0,0,
053-2011,2011-07-22,2011,II,2,"6,200",Various Beef Jerky Products,Undeclared Allergen,0,0,0,0,0,0,
054-2011,2011-07-22,2011,II,2,"2,560",Chopped Beef Products,Other,0,0,0,0,0,0,
055-2011,2011-07-22,2011,I,1,"2,900",Diced Bacon Products,Listeria monocytogenes,0,0,0,0,0,0,
056-2011,2011-07-27,2011,I,1,"228,596",Beef Products,E. coli,0,0,0,0,0,0,
057-2011,2011-07-27,2011,II,2,"6,240",Frozen Boneless Beef Products,Residue,0,0,0,0,0,0,
058-2011,2011-07-28,2011,II,2,33,Teriyaki-Flavored Beef Jerky Products,Undeclared Allergen,0,0,0,0,1,0,
059-2011,2011-07-28,2011,I,1,Undetermined,Various Meat Products,Other,0,0,0,0,0,0,
060-2011,2011-08-03,2011,I,1,"36,000,000",Fresh and Frozen Ground Turkey Products,Salmonella,0,0,0,0,0,0,
061-2011,2011-08-05,2011,III,3,"10,668",Beef Patty Products,Extraneous Material,0,0,0,0,0,0,
062-2011,2011-08-09,2011,I,1,"2,200",Ground Beef Products,E. coli,0,0,0,0,0,0,
063-2011,2011-08-12,2011,I,1,"380,000",Diced Bacon Products,Listeria monocytogenes,0,0,0,0,0,0,
064-2011,2011-08-12,2011,I,1,"60,424",Ground Beef Products,E. coli,0,0,0,0,0,0,
065-2011,2011-08-15,2011,I,1,24,Summer Sausage Products,Undeclared Allergen,1,0,0,0,0,0,
066-2011,2011-08-19,2011,III,3,"1,642",Ground Beef Products,Extraneous Material,0,0,0,0,0,0,
067-2011,2011-08-26,2011,I,1,"28,782",Chicken Sausage Products,Undeclared Allergen,0,0,0,0,0,0,
068-2011,2011-08-26,2011,I,1,"52,191",Chicken Caesar Salad Products,Undeclared Allergen,0,0,0,0,0,0,
069-2011,2011-08-26,2011,I,1,229,Chicken Caesar Salads,Undeclared Allergen,0,1,0,0,0,0,
070-2011,2011-08-26,2011,I,1,599,Chicken Caesar Salad Products,Undeclared Allergen,0,1,0,0,0,0,
071-2011,2011-09-11,2011,I,1,"185,000",Fresh Ground Turkey Products,Salmonella,0,0,0,0,0,0,
072-2011,2011-09-20,2011,I,1,"11,000","Chicken, Beef, Veal and Pork Dumpling Products",Undeclared Allergen,0,0,0,0,0,0,
073-2011,2011-09-21,2011,I,1,360,Breaded Chicken Breast Products,Processing Defect,0,1,0,0,0,0,
074-2011,2011-09-22,2011,II,2,72,Tongue and Blood Sausage,Undeclared Allergen,1,0,0,0,0,0,
075-2011,2011-09-23,2011,I,1,"40,000", Frozen Fine Ground Beef Products ,E. coli,0,0,0,0,0,0,
076-2011,2011-09-26,2011,I,1,"5,550",Pureed Pork Products,Extraneous Material,0,0,0,0,0,0,
077-2011,2011-09-27,2011,I,1,"131,300",Ground Beef Products,E. coli,0,0,0,0,0,0,
078-2011,2011-09-30,2011,I,1,"80,000",Beef Products,E. coli,0,0,0,0,0,0,
079-2011,2011-10-01,2011,I,1,57,Salad Products,Salmonella,0,0,0,0,0,0,
080-2011,2011-10-11,2011,I,1,"377,775",Ground Beef Products,E. coli,0,0,0,0,0,0,
081-2011,2011-10-12,2011,II,2,875,Center Cut Steaks,Undeclared Allergen,0,0,0,0,0,0,
082-2011,2011-10-13,2011,II,2,"15,760",Frozen Chicken and Steak Fajita Products,Other,0,0,0,0,0,0,
083-2011,2011-10-14,2011,I,1,Undetermined,"RTE, Seasoned Beef and Shredded Pork Products",Other,0,0,0,0,0,0,
084-2011,2011-10-20,2011,II,2,"2,325","Fully Cooked, Skinless Turkey Breast Products",Undeclared Allergen,0,0,0,0,0,0,
085-2011,2011-10-25,2011,II,2,"22,100",Carne Guisada,Undeclared Allergen,0,0,0,0,0,0,
086-2011,2011-10-26,2011,I,1,"4,100",RTE Meals,Other,0,0,0,0,0,0,
087-2011,2011-10-27,2011,III,3,"8,888",Frozen Meat and Poultry Pie Products,Unapproved Substance,0,0,0,0,0,0,
088-2011,2011-10-31,2011,II,2,"11,390",Chicken Pot Pie Empanadas,Extraneous Material,0,0,0,0,0,0,
089-2011,2011-11-07,2011,I,1,126,Beef Jerky Products,Salmonella,0,0,0,0,1,0,
090-2011,2011-11-08,2011,I,1,Undetermined,Broiled Chicken Liver Products,Salmonella,0,1,0,0,0,0,
091-2011,2011-11-14,2011,III,3,63,Veal Russian Brand Dumplings,Other,0,0,0,1,0,0,
092-2011,2011-11-23,2011,I,1,"1,080",Stuffed Chicken Products,Undeclared Allergen,0,0,0,0,0,0,
093-2011,2011-11-28,2011,II,2,"1,010",British Style Banger Sausages,Undeclared Allergen,0,0,0,0,0,0,
094-2011,2011-11-29,2011,I,1,456,Chicken Sausages,Undeclared Allergen,0,1,0,0,0,0,
095-2011,2011-12-02,2011,II,2,500,Frozen Pureed Chicken Products,Undeclared Allergen,0,1,0,0,0,0,
096-2011,2011-12-08,2011,II,2,"161,000",Frozen Stuffed Pasta Products,Other,0,0,0,0,0,0,
097-2011,2011-12-09,2011,I,1,"4,140",Cooked Chicken Breasts,Listeria monocytogenes,0,0,0,0,0,0,
098-2011,2011-12-10,2011,II,2,"2,290",Chorizo Sausage Product,Undeclared Allergen,0,0,0,0,0,0,
099-2011,2011-12-15,2011,II,2,130,Meatloaf Entrées,Undeclared Allergen,0,0,0,0,0,0,
100-2011,2011-12-15,2011,I,1,Undetermined,Fresh Ground Beef Products,Salmonella,0,0,0,0,1,0,
101-2011,2011-12-16,2011,I,1,"40,948",Ground Beef Products,E. coli,0,0,0,0,0,0,
102-2011,2011-12-30,2011,I,1,"7,500",Marinated Beef and Chicken Products,Undeclared Allergen,0,0,0,0,0,0,
001-2010,2010-01-09,2010,I,1,205,Pork Skin Products,Undeclared Allergen,1,0,0,0,0,0,
002-2010,2010-01-11,2010,I,1,"2,574",Beef Products,E. coli,0,0,0,0,0,0,
003-2010,2010-01-15,2010,II,2,490,Beef Carcass,Other,0,0,0,0,1,0,
004-2010,2010-01-18,2010,I,1,"864,000",Beef Products,E. coli,0,0,0,0,0,0,
005-2010,2010-01-20,2010,I,1,"19,200",Frozen Chicken Pot Pie Products,Extraneous Material,0,0,0,0,0,0,
006-2010,2010-01-23,2010,I,1,"1,395,989",Italian Sausage Products,Salmonella,0,0,0,0,0,0,
007-2010,2010-01-27,2010,II,2,"50,000",Instant Noodle Products,Other,0,0,0,0,0,0,
008-2010,2010-02-02,2010,I,1,"14,000",Boneless Beef Products,E. coli,0,0,0,0,0,0,
009-2010,2010-02-05,2010,II,2,"2,850",Pork Barbecue Products,Undeclared Allergen,0,0,0,0,0,0,
010-2010,2010-02-10,2010,II,2,750,Frozen Cured Pork Patty Mix,Undeclared Allergen,1,0,0,0,0,0,
011-2010,2010-02-10,2010,II,2,"1,485",RTE Sausage Products,Extraneous Material,0,0,0,0,0,0,
012-2010,2010-02-12,2010,II,2,"16,290",Frozen Turkey Patty Products,Undeclared Allergen,0,0,0,0,0,0,
004-2010 Expansion,2010-02-12,2010,I,1,"4,900,000",Beef and Veal Products,Other,0,0,0,0,0,0,
013-2010,2010-03-02,2010,I,1,"96,000",Beef Products, E. coli,0,0,0,0,0,0,
014-2010,2010-03-08,2010,III,3,186,Baken-ets Fried Pork Skins,Undeclared Substance,1,0,0,0,0,0,
015-2010,2010-03-08,2010,I,1,"6,000",RTE Bacon Base Product,Salmonella,0,0,0,0,0,0,
016-2010,2010-03-09,2010,I,1,"115,700",RTE Beef Product,Salmonella,0,0,0,0,0,0,
017-2010,2010-03-09,2010,I,1,"1,700,000",RTE Beef Taquitos and Chicken Quesadilla Products,Salmonella,0,0,0,0,0,0,
018-2010,2010-03-11,2010,I,1,Undetermined,Chicken Products,Other,0,1,0,0,0,0,
019-2010,2010-03-12,2010,I,1,"9,400",Enchilada Products,Undeclared Allergen,0,0,0,0,0,0,
020-2010,2010-03-13,2010,I,1,"12,382",Asian-Style Meat and Poultry Products,Other,0,0,0,0,0,0,
021-2010,2010-03-19,2010,II,2,"10,368",Italian Turkey Sausage Products,Undeclared Allergen,0,0,0,0,0,0,
022-2010,2010-04-04,2010,I,1,100,Ham Products,Listeria monocytogenes,1,0,0,0,0,0,
023-2010,2010-04-05,2010,II,2,"25,000",Whole Beef Heads,Other,0,0,0,0,0,0,
024-2010,2010-04-17,2010,II,2,"140,000",Fully Cooked Assorted Meat Products,Undeclared Allergen,0,0,0,0,0,0,
025-2010,2010-04-21,2010,I,1,"135,500",Beef Trim Products, E. coli,0,0,0,0,0,0,
026-2010,2010-04-29,2010,I,1,414,Brunswick Stew Products,Undeclared Allergen,0,0,0,0,0,0,
027-2010,2010-05-01,2010,I,1,460,Fully Cooked Crumbled Pork Sausage Products,Listeria monocytogenes,1,0,0,0,0,0,
028-2010,2010-05-04,2010,I,1,822,Prosciutto Products,Listeria monocytogenes,0,0,0,0,0,0,
029-2010,2010-05-05,2010,I,1,70,Prosciutto Products,Listeria monocytogenes,0,0,0,0,0,0,
030-2010,2010-05-05,2010,II,2,40,Buffalo Style Chicken Salad Products,Extraneous Material,0,1,0,0,0,0,
031-2010,2010-05-07,2010,II,2,"49,600",Fully Cooked Mini Pretzel Dog Products,Other,0,0,0,0,0,0,
032-2010,2010-05-12,2010,I,1,250,Chicken and Beef Puff Products,Undeclared Allergen,0,1,0,0,1,0,
033-2010,2010-05-12,2010,II,2,"87,000",Imported Beef Products,Residue,0,0,0,0,0,0,
034-2010,2010-05-14,2010,I,1,"53,000",Ground Beef Products, E. coli,0,0,0,0,0,0,
035-2010,2010-06-17,2010,I,1,"15,000,000",SpaghettiOs with Meatballs,Processing Defect,0,0,0,0,0,0,
036-2010,2010-06-17,2010,I,1,"6,740,000",Cheesy Chicken And Rice Frozen Meals,Salmonella,0,0,0,0,0,0,
037-2010,2010-06-22,2010,I,1,"3,700",Ground Beef Products,E. coli,0,0,0,0,0,0,
038-2010,2010-06-22,2010,I,1,"35,000",Ground Beef Products,E. coli,0,0,0,0,0,0,
039-2010,2010-06-24,2010,II,2,"61,000",Cooked Canned and Frozen Beef Products,Residue,0,0,0,0,0,0,
040-2010,2010-06-25,2010,II,2,"109,800",BBQ Chicken Pizza Products,Extraneous Material,0,0,0,0,0,0,
041-2010,2010-06-30,2010,III,3,600,Beef Stroganoff with Noodles,Misbranding,0,0,0,0,1,0,
042-2010,2010-06-30,2010,I,1,"9,408",Cervelat Summer Sausage,Undeclared Allergen,0,0,0,0,0,0,
043-2010,2010-07-02,2010,I,1,"66,776",Ground and Tenderized Steak Bison Products,E. coli,0,0,0,0,0,0,
044-2010,2010-07-06,2010,II,2,"8,000",Beef Jerky Products,Undeclared Allergen,0,0,0,0,0,0,
045-2010,2010-07-07,2010,I,1,17,Fully Cooked Turkey Breast Products,Listeria monocytogenes,0,0,1,0,0,0,
046-2010,2010-07-19,2010,II,2,"91,872",Frozen Chicken Nugget Products,Extraneous Material,0,0,0,0,0,0,
047-2010,2010-08-03,2010,I,1,"147,667",Canned Meatball Products,Undeclared Allergen,0,0,0,0,0,0,
048-2010,2010-08-06,2010,I,1,"1,000,000",Frozen Ground Beef Patties and Bulk Ground Beef Products,E. coli,0,0,0,0,0,0,
049-2010,2010-08-23,2010,I,1,"380,000",Deli Meat Products,Listeria monocytogenes,0,0,0,0,0,0,
050-2010,2010-08-28,2010,I,1,"8,500",Ground Beef Products,E. coli,0,0,0,0,0,0,
051-2010,2010-09-01,2010,I,1,"2,070",Cooked Shredded Pork Skin Products,Other,0,0,0,0,0,0,
052-2010,2010-09-13,2010,III,3,"258,000",Cooked Beef Products,Other,0,0,0,0,0,0,
053-2010,2010-09-24,2010,II,2,"29,893",Cured Uncooked Pork Ginger Sausage,Undeclared Allergen,0,0,0,0,0,0,
054-2010,2010-10-04,2010,III,3,"1,608",Spicy Vegetable Potstickers,Misbranding,0,0,0,0,0,0,
055-2010,2010-10-20,2010,I,1,"4,920",RTE Pork Barbecue Products,Salmonella,0,0,0,0,0,0,
056-2010,2010-10-22,2010,II,2,"2,740",Beef Stick Products,Extraneous Material,0,0,0,0,0,0,
057-2010,2010-10-27,2010,II,2,"54,000",RTE Pork Products,Other,0,0,0,0,0,0,
058-2010,2010-11-04,2010,I,1,"12,086",Canned Meat and Poultry Products,Processing Defect,0,0,0,0,0,0,
059-2010,2010-11-05,2010,I,1,"7,325",RTE Chicken Pasta Salad Products,Salmonella,0,0,0,0,0,0,
060-2010,2010-11-14,2010,I,1,"2,609",Fully Cooked RTE Smoked Turkey Breast Products,Listeria monocytogenes,0,0,0,0,0,0,
061-2010,2010-11-23,2010,I,1,57,Meat and Cheese Roll Appetizer Products,Listeria monocytogenes,0,0,0,0,0,0,
062-2010,2010-12-02,2010,I,1,Undetermined,Various Meat and Poultry Products,Other,0,0,0,0,0,0,
063-2010,2010-12-03,2010,I,1,"41,670",Chicken Tamales,Undeclared Allergen,0,0,0,0,0,0,
064-2010,2010-12-05,2010,II,2,"72,000",Canned Chicken Salad Products,Extraneous Material,0,0,0,0,0,0,
065-2010,2010-12-08,2010,II,2,"2,182",Raw Pork Paste & RTE Fried Pork Loaf Products,Undeclared Allergen,0,0,0,0,0,0,
066-2010,2010-12-10,2010,I,1,"14,430",Sautéed Chicken Products,Undeclared Allergen,0,0,0,0,0,0,
067-2010,2010-12-17,2010,II,2,"25,600",Ground Beef Products,Other,0,0,0,0,0,0,
068-2010,2010-12-29,2010,II,2,"3,874",Teriyaki Beef Jerky Products,Undeclared Allergen,0,0,0,0,0,0,
069-2010,2010-12-30,2010,I,1,"180,000",Breaded Chicken Wing Products,Undeclared Allergen,0,0,0,0,0,0,
070-2010,2010-12-30,2010,I,1,"34,373",Organic Ground Beef Products,E. coli,0,0,0,0,0,0,
001-2009,2009-01-03,2009,I,1,"3,590",Bacon Products,Listeria monocytogenes,0,0,0,0,0,0,
002-2009,2009-01-20,2009,II,2,"6,050","Frozen, Stuffed, Chicken Products",Extraneous Material,0,0,0,0,0,0,
003-2009,2009-01-30,2009,I,1,"676,560",Frozen Chili Beef Products,Extraneous Material,0,0,0,0,0,0,
004-2009,2009-02-04,2009,I,1,"983,700",Frozen Chicken Entreés,Salmonella,0,0,0,0,0,0,
005-2009,2009-02-06,2009,I,1,872,Sausage Products,Listeria monocytogenes,1,0,0,0,0,0,
006-2009,2009-02-13,2009,II,2,"89,531",Granulated Chicken Bouillon Product,Other,0,0,0,0,0,0,
007-2009,2009-02-27,2009,II,2,"2,852",Stuffed Chicken Breast Product,Undeclared Allergen,0,0,0,0,0,0,
008-2009,2009-02-27,2009,I,1,"13,776",Frozen Ground Chicken Product,Extraneous Material,0,0,0,0,0,0,
009-2009,2009-03-12,2009,II,2,"2,858",Chicken Drink Product,Other,0,0,0,0,0,0,
010-2009,2009-03-13,2009,II,2,"17,674",Granulated Chicken Bouillon Product,Other,0,0,0,0,0,0,
011-2009,2009-03-24,2009,II,2,"3,456",Smoked Chicken Sausage Product,Misbranding,0,0,0,0,0,0,
012-2009,2009-03-25,2009,I,1,"1,728",Cheese Frank Product,Undeclared Allergen,0,0,0,0,0,0,
013-2009,2009-03-28,2009,II,2,"2,925","Beef, Chicken, Goat and Lamb Products",Other,0,0,0,0,0,0,
014-2009,2009-04-03,2009,II,2,"114,540",Chicken Base Product,Other,0,0,0,0,0,0,
015-2009,2009-04-04,2009,I,1,"12,460",Frozen Chicken Egg Roll Product,Salmonella,0,0,0,0,0,0,
016-2009,2009-04-17,2009,I,1,"37,776",Turkey Soup Product,Undeclared Allergen,0,0,0,0,0,0,
017-2009,2009-04-26,2009,II,2,"139,831",Frozen Meat and Poultry Pasta Products,Other,0,0,0,0,0,0,
018-2009,2009-04-29,2009,II,2,"16,213",Hot-Pot Seasoning Product,Other,0,0,0,0,0,0,
019-2009,2009-05-04,2009,I,1,"4,663",Ground Beef Products,E. coli,0,0,0,0,0,0,
R01-2009,2009-05-12,2009,I,1,375,Ground Beef Products,E. coli,0,0,0,0,1,0,
020-2009,2009-05-14,2009,II,2,"4,594",Red Pork Tamale Products,Undeclared Allergen,0,0,0,0,0,0,
021-2009,2009-05-14,2009,I,1,"2,075",Frozen Pork Products,Undeclared Allergen,0,0,0,0,0,0,
022-2009,2009-05-21,2009,I,1,"95,898",Ground Beef Products,E. coli,0,0,0,0,0,0,
023-2009,2009-05-22,2009,I,1,"350,000",Beef and Pork Products,Unapproved Substance,0,0,0,0,0,0,
024-2009,2009-05-29,2009,III,3,"14,560",Beef Primal and Subprimal Products,Other,0,0,0,0,0,0,
025-2009,2009-05-29,2009,III,3,"241,000",Ground Beef Products,Extraneous Material,0,0,0,0,0,0,
026-2009,2009-06-02,2009,III,3,"153,698",Chili No Beans,Misbranding,0,0,0,0,0,0,
027-2009,2009-06-02,2009,I,1,"39,973",Ground Beef Products,E. coli,0,0,0,0,0,0,
028-2009,2009-06-03,2009,I,1,564,Duck Leg Confit and Kolbase Sausage,Listeria monocytogenes,1,0,0,0,0,0,
029-2009,2009-06-05,2009,I,1,"79,312",Various Fully Cooked Ready to Eat Meat and Poultry Products,Processing Defect,0,0,0,0,0,0,
030-2009,2009-06-08,2009,I,1,75,Beef Trim Products,E. coli,0,0,0,0,1,0,
031-2009,2009-06-10,2009,III,3,"2,680,000",Fully Cooked Ham Products,Undeclared Substance,0,0,0,0,0,0,
032-2009,2009-06-10,2009,I,1,"608,188",Frozen Poultry Products,Undeclared Allergen,0,0,0,0,0,0,
033-2009,2009-06-22,2009,I,1,"6,152",Ground Beef Products,E. coli,0,0,0,0,0,0,
034-2009,2009-06-24,2009,I,1,"380,000",Beef Products,E. coli,0,0,0,0,0,0,
035-2009,2009-06-24,2009,I,1,350,Cervelat Sausage Product,Processing Defect,1,0,0,0,0,0,
036-2009,2009-06-30,2009,II,2,"208,768",Frozen Meat and Poultry Products,Unapproved Substance,0,0,0,0,0,0,
037-2009,2009-07-01,2009,I,1,Undetermined,Pre-Packaged Meal Kits,Salmonella,0,0,0,0,0,0,
038-2009,2009-07-12,2009,I,1,219,Ground Beef Products,E. coli,0,0,0,0,1,0,
039-2009,2009-07-22,2009,I,1,"466,236",Ground Beef Products,Salmonella,0,0,0,0,0,0,
040-2009,2009-07-29,2009,I,1,"1,450",Ready to Eat Pork Skin Products,Other,0,0,0,0,0,0,
041-2009,2009-08-06,2009,I,1,"825,769",Ground Beef Products,Salmonella,0,0,0,0,0,0,
042-2009,2009-08-13,2009,I,1,"3,516",Ground Beef Products,E. coli,0,0,0,0,0,0,
043-2009,2009-08-17,2009,I,1,128,Ground Beef Products,E. coli,0,0,0,0,1,0,
044-2009,2009-08-17,2009,II,2,"8,000",Frozen Pepperoni and Sausage Pizza Products,Undeclared Allergen,0,0,0,0,0,0,
045-2009,2009-08-24,2009,I,1,207,Smoked Beef Products,Listeria monocytogenes,0,0,0,0,1,0,
046-2009,2009-09-01,2009,I,1,"39,514",Ready to Eat Meal Kits,Listeria monocytogenes,0,0,0,0,0,0,
047-2009,2009-09-08,2009,I,1,"6,490",Chunky Grilled Steak with Vegetables Canned Soup,Processing Defect,0,0,0,0,0,0,
048-2009,2009-09-11,2009,I,1,"2,000",Frozen Sausage Products,Undeclared Allergen,0,0,0,0,0,0,
049-2009,2009-09-11,2009,I,1,"2,268",Beef and Bean Burrito Products,Listeria monocytogenes,0,0,0,0,0,0,
050-2009,2009-09-24,2009,I,1,756,Braunschweiger Sausage Products,Undeclared Allergen,1,0,0,0,0,0,
051-2009,2009-09-25,2009,II,2,"28,470",Frozen Skinless Sausage Cured Pork Longanisa,Undeclared Allergen,0,0,0,0,0,0,
052-2009,2009-10-13,2009,I,1,925,Ground Beef Products,E. coli,0,0,0,0,1,0,
053-2009,2009-10-15,2009,II,2,"33,000",Beef Tongues,Other,0,0,0,0,0,0,
054-2009,2009-10-16,2009,I,1,"11,500",Meat and Poultry Products,Other,0,0,0,0,0,0,
055-2009,2009-10-17,2009,II,2,"5,522",Beef Tongues,Other,0,0,0,0,0,0,
056-2009,2009-10-21,2009,I,1,14,Smoked Beef Products,Listeria monocytogenes,0,0,0,0,1,0,
057-2009,2009-10-26,2009,I,1,"1,039",Ground Beef Patties,E. coli,0,0,0,0,0,0,
058-2009,2009-10-28,2009,II,2,"91,125",Canned Chili with Beans,Undeclared Allergen,0,0,0,0,0,0,
059-2009,2009-10-31,2009,I,1,"545,699",Ground Beef Products,E. coli,0,0,0,0,0,0,
060-2009,2009-11-04,2009,II,2,"20,286",Canned Cream of Mushroom Soup,Undeclared Allergen,0,0,0,0,0,0,
061-2009,2009-11-04,2009,II,2,"12,181",Roast Beef Deli Products,Undeclared Allergen,0,0,0,0,0,0,
062-2009,2009-11-17,2009,II,2,"3,790",Assorted Meat and Poultry Products,Other,0,0,0,0,0,0,
063-2009,2009-11-17,2009,I,1,90,Ground Beef Products,E. coli,0,0,0,0,1,0,
064-2009,2009-11-27,2009,II,2,"110,730",Frozen Beef Steak Fritter Products,Extraneous Material,0,0,0,0,0,0,
065-2009,2009-12-04,2009,I,1,"22,723",Ground Beef Products,Salmonella,0,0,0,0,0,0,
066-2009,2009-12-21,2009,I,1,68,Ground Beef Products,E. coli,0,0,0,0,1,0,
067-2009,2009-12-24,2009,I,1,"248,000",Beef Products,E. coli,0,0,0,0,0,0,
068-2009,2009-12-24,2009,I,1,312,Ham Products,Listeria monocytogenes,1,0,0,0,0,0,
001-2008,2008-01-05,2008,I,1,"13,150",Beef Products,E. coli,0,0,0,0,0,0,
002-2008,2008-01-12,2008,I,1,"188,000",Ground Beef Products,E. coli,0,0,0,0,0,0,
003-2008,2008-01-26,2008,I,1,"24,710","Boneless, Skinless Chicken Breast Products",Undeclared Allergen,0,0,0,0,0,0,
004-2008,2008-02-01,2008,I,1,"8,910",Bacon Wrapped Beef Tenderloin Products,Undeclared Allergen,0,0,0,0,0,0,
005-2008,2008-02-17,2008,II,2,"143,383,823",Raw and Frozen Beef Products,Other,0,0,0,0,0,0,
006-2008,2008-03-02,2008,I,1,"2,184",Frozen Chicken Entrées,Listeria monocytogenes,0,0,0,0,0,0,
007-2008,2008-03-03,2008,I,1,"10,368",Frozen Chicken Entrées,Listeria monocytogenes,0,0,0,0,0,0,
008-2008,2008-03-04,2008,I,1,"3,780",Frozen Chicken Entrées,Listeria monocytogenes,0,0,0,0,0,0,
009-2008,2008-03-04,2008,I,1,"6,970",Meat and Poultry Products,Listeria monocytogenes,0,0,0,0,0,0,
010-2008,2008-03-14,2008,I,1,"943,000",Poultry Giblets and Carcasses with Giblets Inserted,Other,0,0,0,0,0,0,
011-2008,2008-03-29,2008,I,1,"1,420",Frozen Chicken Breast Products,Other,0,0,0,0,0,0,
012-2008,2008-04-04,2008,II,2,"406,000",Frozen Cattle Heads,Other,0,0,0,0,0,0,
013-2008,2008-05-03,2008,I,1,"286,320",Fresh and Frozen Meat and Poultry Products,Listeria monocytogenes,0,0,0,0,0,0,
014-2008,2008-05-08,2008,I,1,"68,670",Ground Beef Products,E. coli,0,0,0,0,0,0,
015-2008,2008-05-12,2008,I,1,"22,481",Ground Beef Products,Extraneous Material,0,0,0,0,0,0,
016-2008,2008-05-16,2008,I,1,Undetermined,Beef Products,E. coli,0,0,0,0,1,0,
017-2008,2008-05-21,2008,I,1,290,Pork Blood Sausage,Listeria monocytogenes,1,0,0,0,0,0,
018-2008,2008-06-08,2008,I,1,"13,275",Ground Beef Products,E. coli,0,0,0,0,0,0,
019-2008,2008-06-09,2008,I,1,130,Ready-to-Eat (RTE) Chicken Products,Listeria monocytogenes,0,1,0,0,0,0,
R01-2008,2008-06-25,2008,I,1,Undetermined,Ground Beef Products,E. coli,0,0,0,0,1,0,
020-2008,2008-06-26,2008,II,2,"2,850",Fresh Cattle Heads,Other,0,0,0,0,0,0,
021-2008,2008-06-26,2008,II,2,120,Fresh Cattle Heads,Other,0,0,0,0,0,0,
022-2008,2008-06-30,2008,I,1,"5,300,000",Ground Beef Components,E. coli,0,0,0,0,0,0,
023-2008,2008-07-14,2008,I,1,"199,417",Frozen Stuffed Chicken Sandwich Products,Extraneous Material,0,0,0,0,0,0,
024-2008,2008-07-23,2008,I,1,"1,560",Beef Cheek Products,E. coli,0,0,0,0,0,0,
025-2008,2008-08-05,2008,I,1,285,RTE Chicken Products,Listeria monocytogenes,0,1,0,0,0,0,
026-2008,2008-08-06,2008,II,2,"51,360",Chicken Breast Tenderloin Products,Undeclared Allergen,0,0,0,0,0,0,
027-2008,2008-08-06,2008,I,1,"153,630",Frozen Ground Beef Products,E. coli,0,0,0,0,0,0,
028-2008,2008-08-07,2008,II,2,"941,271",Cattle Heads,Other,0,0,0,0,0,0,
029-2008,2008-08-08,2008,I,1,"1,360,000",Beef Products,E. coli,0,0,0,0,0,0,
030-2008,2008-08-10,2008,I,1,"4,535",Fully Cooked Pork Products,Listeria monocytogenes,0,0,0,0,0,0,
031-2008,2008-08-11,2008,I,1,780,Ground Beef Products,E. coli,0,0,0,0,1,0,
032-2008,2008-08-19,2008,II,2,987,RTE Chicken Noodle Products,Undeclared Allergen,0,1,0,0,0,0,
033-2008,2008-08-21,2008,I,1,"215,660",Frozen Stuffed Pepperoni Pizza Sandwich Products,Extraneous Material,0,0,0,0,0,0,
034-2008,2008-09-30,2008,I,1,16,RTE Turkey Product,Listeria monocytogenes,0,0,1,0,0,0,
035-2008,2008-10-08,2008,I,1,"2,340",Frozen Beef Trim,E. coli,0,0,0,0,0,0,
036-2008,2008-10-08,2008,I,1,"4,200",Frozen Beef Trim,E. coli,0,0,0,0,0,0,
037-2008,2008-10-08,2008,I,1,"20,460",Frozen Beef Trim,E. coli,0,0,0,0,0,0,
038-2008,2008-10-10,2008,I,1,420,Frozen Beef Trim,E. coli,0,0,0,0,1,0,
039-2008,2008-10-16,2008,I,1,"2,758",Ground Beef Products,E. coli,0,0,0,0,0,0,
040-2008,2008-11-01,2008,I,1,600,RTE and Raw Banger Sausage Rolls,Undeclared Allergen,1,0,0,0,0,0,
041-2008,2008-11-07,2008,I,1,"41,415",Frozen Stuffed Chicken Products,Extraneous Material,0,0,0,0,0,0,
042-2008,2008-11-08,2008,I,1,"28,610",Hot Dog Products,Listeria monocytogenes,0,0,0,0,0,0,
043-2008,2008-11-17,2008,I,1,"879,565",Frozen Chicken Meals,Extraneous Material,0,0,0,0,0,0,
044-2008,2008-11-24,2008,I,1,345,Ground Beef Products,E. coli,0,0,0,0,1,0,
045-2008,2008-11-26,2008,II,2,"8,496",Cooked Chicken Strip Products,Undeclared Allergen,0,0,0,0,0,0,
046-2008,2008-11-28,2008,I,1,"5,250",RTE Frozen Beef Sandwich Products,Listeria monocytogenes,0,0,0,0,0,0,
047-2008,2008-12-02,2008,II,2,"36,388",RTE Polish Kielbasa Sausage Products,Undeclared Allergen,0,0,0,0,0,0,
048-2008,2008-12-11,2008,II,2,"41,020",Fresh Pork Products,Chemical Contamination,0,0,0,0,0,0,
049-2008,2008-12-11,2008,II,2,"4,041",Fresh Pork Products,Chemical Contamination,0,0,0,0,0,0,
050-2008,2008-12-11,2008,II,2,"33,880",Fresh Pork Products,Chemical Contamination,0,0,0,0,0,0,
051-2008,2008-12-19,2008,I,1,1,Sopressata Sausage Products,Listeria monocytogenes,1,0,0,0,0,0,
052-2008,2008-12-25,2008,I,1,750,Sausage Products,Listeria monocytogenes,1,0,0,0,0,0,
053-2008,2008-12-30,2008,I,1,172,Burrito Products,Listeria monocytogenes,0,0,0,0,0,0,
,,,,,,,,0,0,0,0,0,0,
