Prior to jan 2011,17,H & L Jerch Sales, Inc.,Amy'S Kitchen,Giant Greens, Inc. ,Gorant Candies Inc A Division of Carlton Cards Retail Inc,BA Sweetie Candy Co,R-Kane Products Inc.,Hazelnut Growers of Oregon,Berkshire Cheese LLC,Jenis Splendid Ice Creams LLC,SW  Wisconsin Dairy Goat Products Coop,GoMacro, Inc.,Miami Interculinary Center, Inc. ,Nestle USA, Inc.,Florida Bottling, Inc.,NBTY, Inc.,Wholesome Harvest Baking, Inc.,Moscahlades Bros Inc
2011/1,0
2011/2,0
2011/3,0
2011/4,2,Superior Nut Co. Inc.,Campbell Soup Supply Co., LLC
2011/5,2,Cut Fruit Express, Inc.,Dymatize Enterprises, LLC
2011/6,4,KRASNYI OKTYABR INC,Boyd Coffee Co,Coast Citrus Dist,CSM Bakery Products NA
2011/7,0
2011/8,0
2011/9,0
2011/10,1,SIB, Inc.
2011/11,8,Vaqueria Tres Monjitas, Inc.,McClures, Inc.,Haldeman Mills,Dawn Food Products, Incorporated,Giusto's Specialty Foods LLC,M & K Trading Inc,Tunnel Farms,Indalco Foods Corp.
2011/12,0
2012/1,0
2012/2,3,Ralcorp Frozen Bakery Products,C.G. Higgins Confections, LLC,Liberty Gold Fruit Company,  Inc.
2012/3,3,Publix Super Markets, Inc.,Andante Dairy,The Broaster Company, LLC
2012/4,13,Kerry Ingredients & Flavours Research & Developement Center,Khee Trading,Healthy Choice/Island Blends, Inc. (dba Juice Connection),Fruiti Pops Inc.,Diamond Foods, Inc.,Quaker Foods and Snacks North America,Ballas Egg Prod Corp,J&S Group,Essential Living Foods, Inc,Super Mom's,Tree Top Inc - Selah Plant,JDS Bakery LLC,B.T. McElrath Chocolatier, Inc
2012/5,44,Altura Food, Inc.,Designer Protein LLC,Club Chef LLC,Ocean Group Inc.,Shah Distributors,Raymond Hadley Corporation,Dsm Nutritional Products, Llc,Fahman Enterprises, Inc,Ultradent Products, Inc.,High Liner Foods Inc.,Seoul Trading Inc.,Keys Fisheries, Inc.,Southern Home,Grand Supercenter Inc.,True Nature LLC,Coca-Cola Refreshments USA, Inc.,Persimmon Hill Farm Gourmet Foods,Young Ocean, Inc,Snyder's - Lance Inc.,PGP International, Inc.,Brinkhoff & Monoson Inc,Mitsui Foods Inc,Cedars Bakery,SR Rosati,  Inc,Wang Globalnet,House of Spices (India) Inc.,SunOpta Ingredients Group (Corporate HQ),Diversified Natural Products, Inc.,CTC Food International Inc,Crown Prince Inc,Bumble Bee International,Napoleon Company, The,Spokane Produce, Inc.,Suadel Food Products, Inc.,Talenti Gelato,NuGo Nutrition HQ,Pascalite, Incorporated,Pharmavite Corporation,ProThera, Inc.,Primex Intl Trading Corp,Diamond Nutriceutical, Inc.,Krispak Inc,Terri Lynn Inc.,New Algae Company  
2012/6,63,MyoSci Technologies Inc.,J F C International Inc,River Ranch Fresh Foods  LLC,Southwind Foods LLC dba Great American Seafood Imports Co.,Kerry Foods,Santos Inc.,Gills Onions, LLC,King Seafoods Inc.,SJBW Corp,Pr Supplies Co., Inc.,Woosung America Corp.,Oskri Organics Corp.,Smart Juice LLC,TreeHouse Foods, Inc / Bay Valley Foods,Deep Foods Inc,The Kroger Co,Aldi Inc,Henrys Farm Inc.,Minnesota Best Maid Cookie Co, Inc.,Banner Mountain Sprouts Inc,Newly Weds Foods Inc,Winter Gardens Quality Foods Inc,World Finer Foods, Inc.,Triple B Corporation -  Charlie's Produce,Camerican International,Nishimoto Trading Co Ltd,Kellogg Company,Wanchese Fish Company,Cosmo's Food Products, Inc.,Hannaford Bros.,Dole Fresh Vegetables Inc,Pro Nutech Inc.,Red Chamber Company,True World Foods San Francisco LLC.,Baroody Imports Inc.,Plenus Group Inc.,Rong Chang Trading LLC dba: Always Best,Wellements, LLC,LEASA  Industries Co., Inc.,Jugos Naturales del Pepino, Inc.,Indonesian Food Mart,LA Link Corporation,Duane Reade Inc,Hanmi Incorporated,Clorox Co (The),Nutri-Health Supplements Llc.,East Bay Seafood Co., Inc.,Hamchorom Inc.,The Wright Group dba Wright Enrichment, Inc.,LD Amory & Company,The Dannon Company Inc,Mutual Trading Company Inc,Coca-Cola Refreshments, USA Inc.,Seoul Shik Poom, Inc.,Gordon Food Service,Casa De Mesquite Llc,Pacific Giant, Inc,Huxtable's Kitchen Inc,Old Fashioned Foods, Inc.,Milky Way Intl Trading Corp,King & Prince Seafood,Winn-Dixie Logistics, Inc.,Florida Nutri Labs, LLC
2012/7,93,Indian Foods & Spices, LLC,San Francisco Herb & Natural Food Company,Ready Pac Foods Inc,Arctic Zero, Inc.,Itoen (USA) Inc,Mount Franklin Foods LLC,GH Foods CA LLC,FreshPoint Central Florida,Pal-Do Company, Inc d.b.a. Pal-Do  World,FreshPoint South Florida,Panera Bread LLC,Ken's Foods, Inc.,Nuts and Spice Co., Inc.,Rhee Brothers Incorporated,St Clair Foods, Inc.,Specialty Commodities, Inc.,Two Chefs On A Roll, Inc,Shah Distributors, Inc,San Miguel Produce, Inc.,Naturex Inc.,Friendly Ice Cream Corp.,American Licorice Co,Spence & Co., Ltd.,Freshpoint Atlanta, Inc.,Libby's Gourmet Desserts,Flywheel's Pies,KT Specialty Foods Inc.,Reshmi's Group Inc.,Cool Creations, LLC,Authentic Gourmet,Pastry Food Products Inc.,Meiko Food Company Inc,S Bertram Inc.,Spillson's, Ltd.,Winn Dixie Stores, Inc.,Kettle Foods, Inc.,Pacific American Fish Co Inc,Blount Seafood Corporation,Reichel Foods, Inc,Lucky Country, Inc.,Rita's Fine Food, Inc. Dba Da Vinci's,Breadfarm,Pure Hothouse Foods Inc.,Tarry Medical Products, Inc.,Nestle USA,Centro Naturista,Hocean Inc,CHETAK SAN FRANCISCO LLC.,Protica, Inc,Menno Beachy,GMP Laboratories of America Inc,KOREAN FARM, INC.,Peoples Bakery Inc,Atlapac Trading Company Inc,Shin Shin Foods, Inc.,Smith Dairy Products Co,Karl Bissinger Inc,Garden-Fresh Foods, Inc.,Sunny Seafoods Inc,Ron Stockman Whole Foods,Namias dba Chonita Foods,Southern Bakeries, LLC,Honey Heaven Wholesale, Inc.,Pendleton Flour Mills, Llc,Standard Process, Inc.,Drucker Labs LP,Simmering Soups Inc.,Mother India foods LLC,Wimberger's Old World Bakery, Inc.,Fresco Green Farms, Inc.,Naturally Fresh Inc.,Burch Farms,Tanimura & Antle,United Salad Company,Vauxner-USA, LLC,T.F. Foods Incorporated,Ciolino Wholesale Produce, Inc.,Atlantic Fisheries,Atlas Operations, Inc.,Tribe Mediterranean Foods Inc.,Spartan Central Kitchen,J&I TRADING GROUP, INC.,Harry and David Operations, Inc.,Dean Foods of California Inc,Nha Trang Seafoods, Inc,Jaffe Brothers,American Importing Co, Inc,Cafe Moto,Daaks International,Charter Baking Company,Postres de Aqui, Inc.,E.D. Produce,Red Mill Farms
2012/8,43,Singh And Singh Distributors Inc.,F & S Produce Co., Inc. (Site II),World Food LLC.,Derby City Vending Inc,Pulmuone Wildwood Inc,Mexicantown Wholesale,Pacific International Marketing,2 Moms in the Raw, LLC,Fresh Ideas Inc.,Real Mex Foods,Busch's, Inc. - Central Production Facility,Interstate Seafood Inc,Atico International USA, Inc.,Meijer Distribution, Inc,Triton Seafood Co.,The Humphrey Popcorn Co,Clif Bar And Company,Safeway Inc,R & S Mexican Food Products, Inc,Chamberlain Farms Inc.,Somersault Snack Co., LLC,Apio, Inc. DBA Apio Fresh LLC,SUNFRESH NATURAL LLC.,Dr Pepper/ Seven Up, Inc,Tri-Union Seafoods, L.L.C dba Chicken of the Sea.,Late July Snacks, LLC,Caito Foods Service, Inc.,Sadie's Salads,Taylor Farms, Inc.,Triple B Corporation ,Oakshire Mushroom Sales, Llc,Pacific Coast Fruit Company,Dfi Marketing Inc,Cucina Fresca, Inc.,Manna Organics Inc,Ocho Rios-Miami, Inc.,GM Distributing Co, Inc, Maplehurst Deli-Bake South Inc,FreshPoint Central California, Inc.,Whole Foods Market Brand 365, Llc,Cho Fuku Group (usa) Inc,La Espanola Meats Inc,New Chapter, Inc.
2012/9,63,Advance Pierre                                    N,Gretchen's Shoebox Express,Productos El Gauchito,Whole Alternatives Llc,Sunshine Peanut Company,Sun Boricua Pa'l Mundo Inc.,B & F, Inc., dba Hanmi, Inc,Ernesto Tropical Food, Inc,Publix Super Markets,Lehi Valley Trading Co.,Publix Corporate Office,Newman's Own Organics,Wakefern Food Corp.,Williams and Company Inc dba The Nut Shop,Justin's Nut Butter,Splendid Products,Whole Foods Market,Floyd Peterson Company Inc.,Samra Produce & Farm Inc,Jer's Chocolates,J & J Snack Foods Corporation,Hanover Pike Enterprises, Inc.,Falcon Trading Co., Inc.,Liberty Fruit Co Inc - Carols Cuts Div,Chattanooga Bakery Inc,Taylor Farms Retail, Inc.,Oregon Ice Cream, LLC,Whole Foods Market Group Inc.,Fairytale Brownies, Inc,Bottling LLC  dba Pepsi Beverages Company,Lovin Oven, LLC,Kraft Foods, Inc.,Kilwin's Quality Confections, Inc.,Mondelez Global Llc,Bliss Unlimited,Capital City Fruit Co.,General Mills, Inc,Ella's Kitchen,Richmond Baking of Georgia Inc,Nestle Prepared Foods Company,Creative Energy Foods, Inc. LLC,3fish Inc.,G.O. Fresh,Eco Health, Inc.,Pacific Northwest Tofu, LLC,Chang Jiang Seafood Ca Inc,Cinnabar Specialty Foods Inc,Kroger Co,RDK Corp,Clemmy's LLC,Natural Organics,Newark Nut Stores, Inc.,Pecan Deluxe Candy Company,Eco-Cuisine,Kenton Burr,The Sourdough: A European Bakery Inc.,Hong Lee Trading Inc,Mother Earth International LLC,ABCO Laboratories, Inc.,B&G Foods North America, Inc,Maine Natural Health, Inc.,Latin Specialties, Inc,Ikko International Trading LLC
2012/10,50,Dale & Thomas Popcorn, LLC,Sunland, Incorporated,Xan Confections,Truitt Bros., Inc.,Bucks Ice Cream,Belfonte Ice Cream & Dairy Foods Co,Think Thin, LLC,Jamba Juice,McCormick & Company,  Inc.,Sartori Inspirations, LLC,Wild Foods, Inc,The Nut Factory Inc.,Pennsylvania State University  Berkey Creamery,Dean Foods Company,Toft Dairy Inc,Sconza Candy Company, Inc.,Swanson Health Products, Inc,Cap Sur Mer, Inc.,Turkey Hill Dairy, Inc.,Velvet Ice Cream Company,Paradise Tomato Kitchens Inc,Kennys Farmhouse Cheese,Torn & Glasser Inc.,Springside Cheese Corp,Super Store Industries,Boulder Ice Cream,Flying Food Group, Inc.,Taco Loco Products Inc,Fabrica Confecciones Soto, Inc.,S & P Company Limited,Botanical Laboratories Inc,Grand Products Inc.,Fresh And Easy,PureFit Inc,Natural Selection Foods LLC dba Earthbound Farm,Southern Belle, Inc.,Golub Corp,Baugher Enterprises, Incorporated,Dawn Food Products, Inc.,Bay Valley Foods LLC/ TreeHouse Foods, Inc ,Giant Eagle,Henderson's Best Fresh-Cuts, LLC,Danielle Livolsi Jagrma,NBTY Inc.,United National Foods (Unfi),Focus Products Group Llc,BumbleBar, Inc.,Coca-Cola Company  (The),Brookshire Grocery Company Manufacturing,Giannios Candy Co Inc
2012/11,50,Best West Foods,Berres Brothers, Inc.,Williams West & Witt's Products Company,Garden Fresh Salsa, Inc.,Dauphin Holdings, Inc. DBA Arnolds Candies,Energy Club Inc,Schoep's Ice Cream Co, Inc,Costco Wholesale,Quality Dairy Farms Inc.,Whole Foods Market South Seafood Distribution,Zingerman's Bakehouse, Inc.,Jagpreet Enterprises Inc.,Legendary Baking,Nestle Professional,Omya Inc,Lin-Mar Partners Inc,Turkana Food Inc.,Hillshire Brands Company,HP Hood LLC,Tomales Bay Foods, Inc.,Mothers' Milk Bank at Austin,Newman'S Own Inc.,Riviana International, Inc,Cracker Industries, LLC,Pepsi Bottling Group Nashville,Unified Grocers Inc.,Wm Bolthouse Farms Inc,Farmers Cooperative Creamery,Gasco Industrial,Lifevantage Corp,United Dairy Farmers Inc,Ernimich, Inc. (dba Nina International, Inc.),Unified Seafood Company., Inc.,Inventure Foods, Inc.,Bakery Cash & Carry Inc.,Dakota Specialty Milling, Inc,Bimbo Bakeries Usa,Centerville Pie Company, Inc.,See's Candies Inc.,Ethnic International Holding Inc,Golden Dharma International Corp,Talenti I, LLC,Frito-Lay, Inc,Gold Standard Baking, Inc.,The King Arthur Flour Company, Inc.,Eastland Food Corporation,Chocolate Decadence,The TJX Companies, Inc.,Koda Farms Inc,Hines Nut Co
2012/12,33,Multiexport Foods, Inc.,Fresh Unlimited Inc,Unilever United States, Inc.,S & M International Inc,Sugar Flowers Plus,Gilster-Mary Lee Corp.,Forever Cheese Inc,Breedlove Foods, Inc.,Frito Lay, Inc,Ocean Beauty Seafoods, LLC,Haig's Delicacies,Michael's Seafood Inc. DBA Michael's Gourmet & Delicacies,Udi's Healthy Foods,Granola & Gluten Free,Dollar Tree Distribution, Inc.,Grippo Potato Chip Co., Inc.,Honolulu Baking Company, Ltd.,Local Baking, Co, Inc. T/A Joey's Fine Foods,Nature'S Path Foods Inc,Pepsi Cola North America,Conagra Inc,Zumbro River Brand, Inc,New B.C.N. Trading Inc,Pamela's Products, Inc.,Cardinal Health,Island Delights, Inc.,Diversified Foods & Seasonings, Inc.,International Flavors & Fragrances, Inc,Jerusalem Manufacturing Natural Foods & Wholesalers, Inc.,Gordon Food Service, Inc.,Nuera Trading Company Incorporated,Tortilleria Provincia,Phil-Am Trading, Inc.,Tropical Nut & Fruit Co., Inc.
2013/1,25,Teatulia,Productos 2001 Inc.,He Butt Grocery Company,Mann Packing Co Inc,Jiffy Food Service, LLC,EonNutra, LLC,KeHE/Tree of life Bloomington,Dawn's Foods, Inc.,Whole Foods Market Pacific NW Distribution Center (PDC),Acme Food Sales, Inc,Les 3 Comtois,GoldCoast Salads,Js Pelmeni Ok, Inc.,Bruce Foods Corp,Hoop Nuts LLC DBA Christophers Nut Co,Penzeys LTD,Homestead Creamery,Zip International Group,United Natural Foods, Inc. - Greenwood,National Food & Beverage, Inc,Altiza Inc.,The Dannon Company, Inc - Discovery & Innovation Center,Boba Direct, Inc.,San Francisco Spice Company, Inc.,Bedessee Imports, Inc
2013/2,38,Royal Foods, Inc.,Rich Products Corp,Woodstock Farms,Ron's Pizza Warehouse,The Father's Table, LLC,Mkg Provisions Inc,Ozone Confection & Bakers Supply Co.,Pan -O- Gold Baking Co,Little Mermaid Smokehouse,Buffalo Trace Distillery,Chu Minh Corp ,Mandalay Trading Corporation,Tumalo Farms LLC,Carson's Country Market,Associated Milk Producers, Inc,Walong Marketing, Inc.,WILDCAT CREEK POPCORN,LYFE Kitchen Retail, Inc.,DPI Specialty Foods West, Inc.,Nuts Are Good! Inc.,C H S Inc,Knotts Wholesale Foods Inc,JMT Trading Company, Inc.,Riggio Dist Co,G.L. Food Wholesale Inc,Nexgen Pharma, Inc.,Wynlife Healthcare, Inc.,Decoty Coffee Company, Inc,Mike-Sells Potato Chip Co,Muffin Mam Inc (The),Christian Cheese, LLC,Tropical Nut & Fruit Inc,Nashua Nutrition,Premier Foods, LLC,Schwan's Corporate One Building HS/FS,Delhaize America (Hannaford Bros),Bergin Fruit And Nut Co Inc,Nature's Candy, Inc.
2013/3,39,Paleteria Y Neveria La Rosita, LLC,Wegmans Food Markets,Maple View Ice Cream,Lisy Corp.,Heartland Gourmet, LLC,Producers Peanut Company Inc,Blue Planet Foods, Inc.,Red Eagle Enterprises,Annie's Homegrown Inc,Beehive Botanicals, Inc.,Food For Life Baking Company Inc.,F.H.G Corporation dba Integrity Nutraceuticals,Magno Humphries Inc,Brand New Energy, LLC,SMART AND FINAL STORES CORP,Wholesale Baking, Inc.,Wild Blue Yonder Foods/Waugh,Belmont Confections Inc,Juice Bar Solutions,Hong Chang Corporation,Star Snacks Co., Llc.,Domega NY International Co Ltd,LL Bakery, Inc.,L. K. Bowman, Incorporated,Early Bird Foods & Co., LLC,7-Eleven Stores of Oklahoma,Zip International Group LLC.,Gruma Corp,Doctors Best Weight Loss,Fruit Treasure Inc,Trophy Nut Co Inc,Atlantic Pro Nutrients, Inc. dba  XYMOGEN,Nutrex Research, Inc.,Man Fon Inc,Planet Food,Dairy Fresh LLC,Rio Queen Citrus, Inc,Olam Tomato Processors, Inc.,Tortilleria Lupita, Inc.
2013/4,33,Marine Harvest USA, LLC,Cedarlane Natural Foods Inc/Frankly Fresh Foods Inc.,DZH Import & Export Inc.,Gourmet Cuisine, Inc.,ShanTea LLC,Miami Growers Inc.,Sage Creek Inc,All One, Inc.,Aptalis Pharma Us Inc,Alfred Louie Inc,Clement Pappas & Co., Inc.,Go Max Go Foods,NatureBox, Inc.,Krinos Foods, Inc.,Beachside Produce Llc,Tristar Food Wholesale Co Inc,La Preferida Inc,Chemi- Source Inc, Nutra Pak,Family Food Distributor, Inc.,Nestle Puerto Rico Inc,Win Luck Trading Inc,Arthur Schuman Midwest LLC,New Seasons Market,Jans Enterprises Corp. dba WIRA Corp.,Dove Chocolate Discoveries Llc,Smiling Hill Farm, Inc. dba Silvery Moon Creamery,Gourmet Express Marketing, Inc.,Shenandoah Growers, Inc.,Arizona Beverages USA LLC,Good Source Incorporated,Custom Co-Pak, LLC,Concertos In Chocolate LLC,North Pacific Seafoods, Inc.
2013/5,31,Mariposa Baking Co.,Harmony Chai,Tropical Valley Foods, Inc.,International Desserts and Delicacies,Purely American, Inc.,Pure Herbs Ltd,Del Monte Fresh Produce North America, Inc,Potters Fine Foods, LLC,GHSW, LLC,Hoover Mill, Inc.,Western Mixers Produce & Nuts, Inc.,Crave Brothers Farmstead Cheese, LLC,Food Source, Inc,Taylor Farms New Jersey, NJ,Southwest Ice Cream Specialties, Plum Inc ,Finger Lakes Farmstead Cheese Company Llc,Prosperity Resources International, Inc.,Pacific Pure Aid,Palmer Candy Co,Blessing Seafood, Inc.,Shoreline Fruit Inc,Enzyme Formulations, Inc.,High Quality Organics, Inc.,Bao Gong Da Inc,Jus Made, Inc,Global Juices & Fruits LLC,Butterfly Bakery Inc.,Cheryls,Terrafina,Northwest Gourmet Food Products, Inc.
2013/6,43,Galveston Shrimp Company, Inc.,Craft Brewers Alliance Inc.,Lipari Foods, Inc.,Herbalife International Of America Inc,Salmolux (A Pacific Seafood Group Company),MR Cuts, L.p.,Chs Inc,Sani Fresh Distribution,Snoqualmie Falls Candy Factory, LLC,Healthmaxx Global Inc.,The Dannon Company, Inc,Food Concepts,Gromex Inc.,Sequel Naturals Ltd,Nestle USA, Inc - Northbrook Pizza Head Office,Julian's Recipe, LLC,Tampa Maid Foods, Inc.,Hagee Foods Inc.,Fisher's Homestyle Salads,Norpac Foods, Inc.,Ultra Laboratories,ARO Pistachios, Inc.,GKI Foods, LLC,Alymaq Inc,Green Mountain Coffee Roasters,Hearthside Food Solutions LLC,Price Chopper Golub Corperisable Warehouse,Ferrara Candy Company,Los Milagros Tortilleria, LLC,Granna's, LLC,R.L. SCHREIBER INC - LEBANON,Oskri Corp.,Church & Dwight Inc,Green Core,Caribe Produce,Gold Star Smoked Fish Corp.,Creation's Garden Natural Products Inc,Allergy Research Group,The Seafood Exchange Of Fla,Irene's Bakery & Gourmet Kitchen, Inc.,Stonyfield Farm,Florimont, Inc.,La Finquita
2013/7,16,Ancient Formulas Inc,Saratoga Therapeutics, LLC,Aqua Star (USA) Corp.,Crown Pacific Int'L Llc,Greenland Trading Corp,Johnson Brothers Liquor Company, Inc,El Campestre,Buurma Farms Inc,D'Aqui Manufacturing Products, Corp., Dba Postres de Aqui,New Sun Inc,SensoryEffects Powder Systems,Olde Thompson, Inc.,Windy Acres Candy & Nut, Outlet Inc.,Kabco Pharmaceuticals, Inc.,Reaction Nutrition LLC,Whole Foods Market Mid-Atlantic Kitchen
2013/8,30,Daesang America Inc,G. Debbas Chocolatier, Inc. ,Jean's Cake,Heeren Bros Inc,Quesos Vaca Negra, Inc.  ,Justin'S Nut Butter,Miravalle Food, Inc,Golden Beach Inc,La Terra Fina USA, Inc.,Nassau Candy,Lucy's Kitchen, Inc.,Novartis Consumer Health,Tasty Bake Inc,JTM Provisions Co Inc,BIMBO Bakeries USA,American Nut Company,Mike's Quality Meats, Inc.,Blythedale Farm Inc.,Mothers Milk Bank,Apex Energetics,Combs Produce,Maplehurst Bakeries, Inc.,The Warrell Corporation,Ann's House of Nuts, Inc,Contoocook Creamery,C Pacific Food,New Dream Team,American Yeast Corporation,Thrive Foods LLC,Sunny Pine Farm
2013/9,41,Cains Foods L.P.,Restaurant Depot,Cgnp Manufacturing,KDK Management, Inc., dba Bubbles Baking Co.,Cakes & More Delight's,USPlabs, LLC,Chobani Idaho,Evershing International Trading Inc.,Nature's Value Inc. ,Cho & So, Inc. DBA Oh Bok Bakery,Dean Foods, Inc.,Price Chopper Supermarkets,Bio-Cat Inc,Bairn Biologics,ANAT, LLC,T And S Oyster Farm,Mira Health Products Ltd.,Kirkman Group Inc.,Hahn, Harry O Seafood Inc,Lotus Foods Inc,Blount Fine Foods Corporation,Dutch Valley Food Development Inc.,J M Smucker Co,GE PHARMA LLC -,NatureMost of New England, Inc.,Vinco Inc.,Giant Eagle, Inc.,Barrel O' Fun Snack Foods Co.,Western Nut Company, Inc.,Pin Hsiao & Associates,Irwin Naturals,Stuffed Foods LLC,Hartleys Potato Chip Company Inc,N A Trading Inc,RAW DEAL,Dayton Nut Specialties Inc,Kashmir Crown Baking LLC,Garre Farms,Coca Cola Bottling Company United-East, LLC,H Group,Marjon Specialty Foods, Inc.
2013/10,62,Priester Pecan Company, Inc.,Semifreddi's Inc.,Empirical Laboratories, Incorporated,The Lambs Farm, Inc.,CSM Bakery Products North America,Reser's Fine Foods, Inc.,Shasta  Produce,Flora Inc,Jensens Old Fashioned Smokehouse Inc,Vega / Sequel Naturals,Condies Foods, Inc,Kraft Foods Group,Simply D'Lish, LLC,Mars Food US,Lsg Food World Inc,Ozark Bottling, LLC,Lewis Bakeries-Evansville,Ocean State Jobbers, Inc.,DUTCH TREAT SALADS, INC,21st Century Healthcare, Inc.,World Class Distribution, Inc.,Taylor Farms Maryland-Assateague Drive,Torn Ranch Inc.,MEGABUSINESS LLC.,Borinquen Natural,The Sweetwater Co., Inc.,Cuisine Med. Catering,FoodState (Nutrient Manufacturing),Washington Vegetable Co,4Life Research, LLC,Gold Medal Products,N4h Research Llc,Metagenics, Inc.,Epicure Food Corp.,Scenic Fruit Co,Crunch Pak, LLC,American Laboratories Inc,Mrm,Boston Salads & Provisions Co., Inc.,Townsend Farms Inc,D. F. Stauffer Biscuit Co, Inc.,Taylor Farms Texas, Inc.,Balajee Trade Link LLC,Taylor Farms Florida, Inc.,yoders country market,Kettle Cuisine, Inc.,Pecan Shed,Grato Inc.,Fresh Foods Manufacturing Co.,American Pop Corn Co,The Pastene Companies Ltd.,Schwebel Baking Company,Orange County Produce,Kellogg Canada Corporate Office,International Foodsource, LLC,Abbott Nutrition,Oregon Freeze Dry Inc,C. H. Guenther & Sons, Inc.,Fong Kee Tofu Co., Inc.,Middle East Bakery, Inc.,Betty Lou's, Inc.,Tate's Wholesale, Llc. 
2013/11,41,American Beverage Corp,Ghiringhelli Specialty Foods Inc.,The Dannon Company, Inc.,L. M. Noodle Company, LLC,Schwabe North America, Inc.,National Enzyme Co,Big Blue Fisheries,Senor Murphy Candymaker, LLC,Bee International, Inc.,Specialty Enzymes & Biotechnologies,Atherstone Foods Inc dba Glass Onion Catering,Threshold Enterprises Ltd,GoPicnic, Inc.,Taylor Farms Tennessee, Inc.,Taylor Farms Illinois Inc,Biery Cheese Co,Josephson's Smokehouse,FoodScience Corporation,Oma's Choice Inc,Perrigo of SC,Innovative Labs, LLC,Del Monaco Specialty Foods Inc.,Colony Brands, Inc.,Las Trojes,Ortho Molecular Products Inc,Global Health Laboratories, LLC,Pacific Nutritionals,The New French Bakery,Gourmet Express LLC,Jayone Foods, Inc.,Vitalab Co Inc,Flanes Lymar,West Coast Produce, LLC,A&C US Trading LLC,3 Fellers,Natures Best Inc,Houston Nutraceuticals, Inc,Baugher Ranch Organics, Inc,Raymond-Hadley Corp.,Creole & Company, LLC,BBM Chocolate Distributors, Ltd.
2013/12,19,Marquez Produce Inc.,Araya, Inc,El Encanto, Incorporated,Unified Western Grocers Inc,Gano Excel USA Inc,RCI Produce,House Of Flavors, Inc.,Roos Foods Inc,Dd Foodsolutions Inc.,Braum's Ice Cream and Dairy,YoungYou International Inc,Comarco Products, Inc.,Cal-Fresh Produce,Crown Food Distributors Inc,DPI Specialty Foods Northwest Inc.,Ciranda, Inc.,Windsor Frozen Foods,Gotera, Inc,Formulations For Life
2014/1,23,Health Wright Products Inc,Flat Creek Farm & Dairy,Sauer Company  The C F,Global Vitality, Inc. dba Enzyme Process International,All American Seasonings,E. Franco & Co. Inc,STEMVIDA INTERNATIONAL INC,Farm To Market Bread Co Inc,UNFI,Yukon Concessions Alaska LLC,Falafel King Ent, Inc.,Paskesz Candy Co.,Inc. ,Pepper Source Limited,Asian Bakery,Savory Foods, Inc.,Lam Sheng Kee (Usa) Enterprise C,Charlemagnes Tree Farm Ltd,Diamond Foods Inc,Nicomex Inc.,JIN SUN MI INTERNATIONAL INC,Tijuana'S Produce Co.,Mandy Star Trading Inc,Creole Delicacies Kitchens Inc
2014/2,43,Creation Gardens,Ed Fields & Sons, Inc,Command Nutritionals, LLC,Elite Spice Inc.,Lyons Magnus,High Mowing Organic Seed,The Cultured Kitchen,Deb-El Food Products, LLC.,Butter Creek Farms, Inc.,Natural Grocers by Vitamin Cottage,Roth Farms Inc,Rise'n Roll Bakery, LLC,Popcorn Factory, The,F & S Produce Co., Inc.,Beta Labs,Tortillas Mexico Mexico, Incorporated,Triarco Industries, Inc.,Bozzutos' Inc.,Custom Ingredients LLC ,Nutra Balance Products,Bonduelle USA Inc,World Pure Foods Wholesalers, Inc.,Wolfgang B. Gourmet Foods, Inc.,Readington Farms Inc.,Axel Chemicals,Surma Distributors Llc,New Horizon Cuisine,Garber Ice Cream Company Inc,Six Dog, LLC,Consolidated Mills, Inc,Princess House Inc.,Perfect Pasta,Chicken Soup For The Soul Food,Us Tov, Inc. Dba U.s. Trading Company,EBRO North America dba New World Pasta,Miravalle Foods, Inc,Borden Dairy Co Of Cincinnati Llc,H.C. Schau & Son,Mandelin Inc,Green Smoothie Girl,Sunfood Superfoods,Crown Food Distribution Inc,Dancing Star LLC
2014/3,49,BIG RED TOMATO PACKERS, LLC,Fannie May Confection Brands Inc,keen-wah LLC,Wells Enterprises, Inc.,Emparedados Boricua,Helados La Tapatia, Inc,Parkers Farm Inc,Tedesco LLC,Vermont Common Foods, LLC,New Japan International, Inc.,Chiquita Brands International, Inc.,Smiley National Inc,John B. Sanfilippo & Son Inc.,Vita Food Products, Inc.,Evolution Fresh Inc,Ice Cream Specialities,Regeneca, Inc,NW Nutritional Foods LLC,Dolci Gelati LLC.,Laboratories Cop Inc,Frontier Natural Products Co-op,Nutri-Force Nutrition, Inc.,Oaxaca Mexican Products,Northern Valley Baking Co.,Bay State Milling Company,Renfro Foods, Inc.,Good Neighbors Specialty Foods, LLC,Sprout's Farmers Market,Simply Natural Foods LLC,Magno Humphries Laboratories, Inc,Fischer & Wieser Specialty Foods,Hot Pandeyuca & Company Inc,Fast-Pak Trading Inc.,Bumble Bee Foods LLC,Ohio Valley Herbal Products, Inc.,Oscar's Hickory House, Inc.,Processed Foods, Inc.- Custom Foods,R.M. Palmer Company,Diamond Crystal Brands, Inc.,Herb Garden Productions,Real Foods of Seattle, LLC,General Mills, Inc.,Live Superfoods,Pacific Sun Distributing,Keystone Laboratories Inc,Boskovich Farms, Inc,H. A. R. Maspeth Corp.,Dominguez Foods of Washington, Inc.,Venus Wafers Inc.
2014/4,44,CJ Bakery, INC,Mid Pac Foods, Inc.,Pacific Organic Produce,Bread Stop Bakery, LLC,Fernandez Chile Company, Incorporated,Bar-Jim Inc., dba Mrs. Griffins Barbecue Sauce,Carmel Food Group, Inc.,Schwan's Global Supply Chain, Inc.,Purely Pomegranate, Inc,Losurdo Foods Inc,Creative Foodworks, Inc,Best Value Inc,Sinco Inc.,Modern Macaroni Co Ltd,Koogee-Queen Anne, LLC,Humei Trading Inc.,Infinite Herbs, LLC,Hickory Farms Inc,Aqua Filter Fresh, Inc.,J. R. Simplot Co. Corporate HQ,Creative Snacks Co., LLC,The Coca-Cola Company,Ledgendairy Cheeseworks, LLC DBA Sequatchie Cove Creamery,Sunrise Meats, Inc.,Harvest Sensations LLC,American Licorice Company,Orange Peel Enterprises, Inc.,T.H. Seafood Inc.,Karl Bissinger LLC,H:20 Innovations LLC,Rome Packing Co., Inc.,Net Food Import and Export llc.,Nutrition Center, Inc. dba Nutri-West,Rite Aid HDQTRS. Corp.,HK GALLERIA WHOLESALE L.P,Good Herbs, Inc.,Dole Packaged Foods, Llc,U-Can Food Trading Inc,Koru Pacific Packaging, Inc.,UB Inc DBA United Bakery & Co,Sherman Produce Co,Maui Soda & Ice Works Ltd/dba Roselani Ice Cream,Royal Rye LLC,Baptista's Bakery, Inc
2014/5,44,Pepsi Beverages Company,Caromont Farm,Nestle,La Orocovena Biscuit,Golub Corporation,Oregon Freeze Dry, Inc.,Ontime Distribution Inc.,River Canyon Retreat,Hot Mama's Foods,Bazzini Holdings L.L.C.,Pearl Valley Cheese Inc,R.A.B. Food Group LLC,Physique Enhancing Science,Whole Food Market,Anhing Corporation,Eillien's Candies, Inc.,Rockman Company Usa Inc,STE FROMAGERE DU LIVRADOIS,KIND, LLC,Asia Cash & Carry Inc.,Welcome Market Inc,American Waffle,GSF Nut Company LLC,Brunkow Cheese of Wisconsin, Inc.,National Vitamin Co Inc,Schnucks Markets Inc,Blue Diamond Growers ,Lily Bloom's Kitchen,Kodiak Wild Alaska Seafood,E & M Corporation, Dba Noh Foods International Of Hawaii,California Olive and Vine, LLC,Markpol Distributors Inc.,Heather's Choice,Ikea North America Srvcs Inc,nSpired Natural Foods, Division of the Hain Celestial Group,United Natural Trading,Giorgio Foods Inc,Marin Food Specialties Inc,Elevated Ice Cream Company,Honey Bunchie, LLC,Sid Wainer And Son,Old World Spices & Seasonings Inc,Meduri Farms Inc,Inner Health Group, Inc dba Michael's Naturopathic Programs
2014/6,27,Mrs Rigg's Sandwiches,Allegro Fine Foods Inc,CaCoCo, Inc.,Jody's Inc.,Nutrition Express Corporation,Jardine Foods Inc,Oasis Brands, Inc,BoKU International,GM Manufacturing Inc.,PUREFRUIT CHILE S.A,Industrias Alimenticias Kern's y Cia. S.C.A.,Annie Mac's Baking Company,Wegmans Food Markets, Inc.,Marina's German Bakery,Country Life,Phoenix Produce & Noodle Company, LLC.,Lao Thai Nam Corporation,Dot Foods Inc.,Mt. Olive Pickle Company Inc,Interbake Foods Llc,D.A. Stein Culinary Group, LLC dba Brett Anthony Foods,Smith's Country Cheese, Inc.,Flowers Foods,Oceans Cuisine, LTD.,Ocean Spray Cranberries Inc.,Blue Venture Inc.,CT Concerns, Inc.
2014/7,45,Miceli Dairy Products Co,Manufacturing Solutions International,American Spoon Foods, Inc.,Health Matters America Inc.,Woeber Mustard Manufacturing Co Inc,Fish Family Farm,Land O' Lakes, Inc,Silva International, Inc.,Richard's Rub & Seasonings, LLC,Plaze Inc,Homestead Pole Bean Cooperative, Inc.,Coastal KOP LLC dba King of Pops,Farmers Market,BrandStorm Inc,Nature's Way Purewater Systems, Inc.,Cheesecake Royale, Inc.,Suntree LLC,La Terra Fina Inc.,Durrset Amigos, Ltd.,Dairy Farmers of America,Mercola Group,White Wave Foods, Inc,El Tampiqueno Food Products, LLC, Plum, Inc.,Taylor Farms Pacific Inc. (MacArthur Facility),Puratos Chocolate USA,Milk Specialties Co ,Wawona Packing Company,Prep Enterprises Llc,Unity Groves Corporation,Kent Precision Foods Group, Inc.,F. Gavina & Sons Inc.,mom Brands,Kozy Shack Inc,Tastefully Simple, Inc,Bar Harbor Jam Company,Heartlight Seafood LLC,Whalen's Horseradish Products,Bailey Farms, Inc.,U.B.C Food Distributors, LLC,Schwartz Brothers Restaurants dba Schwartz Brothers Bakery,La Terra Fina, Inc.,Golden Krust Caribbean Bakery, Inc.,Sam MillsUSA LLC,Interbake Foods
2014/8,26,Super Organic Foods, Inc,Navitas, LLC., dba Navitas Naturals,Vibrant Health,Supreme Distributors, Inc.,Brooks Tropicals, LLC,Oriya Organics,Roots Organic Gourmet,Arise & Shine Herbal Products, Inc.,Z Natural Foods,Exotic Superfoods New York, Inc.,Calavo Growers, Inc. (Corporate),Tradewind Foods de Puerto Rico Inc.,Los Chileros De Nuevo Mexico, LTD,Great American Appetizers, Inc.,4 C Foods, Corp.,SUSHI HOUSE INC.,K-Fat Inc.,JP Trading and Global Imports LLC,Overhill Farms Inc,Mars Chocolate North America,Wehah Farms,AMS Health Sciences,Lotte International America Corp (LA Branch),Starway Inc.,Japanese Specialty Food Distributors Ltd, Co.,Kwik Trip Bakery
2014/9,9,Gel Spice Co, Inc.,TJs Place,Hostess Brands LLC,Mothers' Milk Bank of Montana,Expo Fresh L.L.C,Glaser Organic Farms,Anova Food, Llc,Saxon Cheese, LLC,McCain Foods USA
2014/10,29,InHarvest, Inc.,Great American Marketing Company,Michael Foods, Inc.,Mccall Farms Inc,Tullia's,R and S Gourmet Warehouse,Family Food Distributors, Inc.,BUFFALO SAV, INC.,Buddy's Kitchen, Inc.,Coca Cola Bottling Company United, LLC,Premier Research Labs LP,Chetak New York, LLC,The Hain Celestial Group- Worldwide Headquarters,American Roland Food Corp.,Great Feeling Foods,LaBree's Bakery,Oro Candy Distributors,Publix Bakery Plant,Quest Nutrition, LLC.,Texas Pecan Co,Zachary Confections, Inc.,MASIERO BROS.INC,Willamette Filbert Growers Inc,Pea River Peanut Company, LLC,M & M Farm Inc.,The Harvard Drug Group, LLC,Mahina Mele Farm,Golden King Bakery,Roxy Trading Inc
2014/11,15,Mexicantown Bakery, Inc,Beachbody Llc,Willy's Inc,Grace Foods (USA) Inc,Blooming Import Inc.,Karlsburger Foods, Inc.,Mohamed A. Kamel,Sunshine Burger & Specialty Food Company, LLC,John Vena, Inc.,Health Wise,Original Soup Man,Badia Spices, Inc.,Christ Kitchen,Immuno - Dynamics, Inc,Paige Common
2014/12,64,Vintage Food Corp.,Del Monte Fresh Produce NA, Inc,Perfect Foods Bar,Tricar Sales Inc,Regency Group, Inc., The,GloryBee Inc,SunBurst Foods, Inc.,Schwan Food Company dba Holiday Foods,K F K Seasonings Llc,Adams Extract & Spice LLC,Gulf Coast Blenders, Inc,Queseria Bendita,Washington Harvest Wapato,Lindt & Sprungli USA,Abdallah Candies, Inc,Husky Ice Cream,Inc,Gemini Food Corporation Inc,Reily Foods Co.,Cocola INC,Arcadia Trading,New Hope Mills Mfg., Inc.,El Campestre, Inc.,Damon Industries,N.A.C. Foods,Schiff Foods Products,Nutri-Dyn Midwest, Inc.,Nu Products Seasoning Co.,Zilks Foods,Northern Tier Bakery (dba\\ Super Mom's),Freeland Foods Inc.,My Sweet Ol' Etcetera,Barhyte Specialty Foods Inc.,Son In Law Products,Kkot Saem Bean Sprouts,The Jefferson Street Bakery Inc. ,J P Veggies Inc. DBA VeggieLand,HVL, LLC,La Flor Products Co., Inc.,S&S Food Import Corp.,First Spice Mixing Co.,Inc.,Julian Bakery, Inc.,Thai Ocean Venture Co., Ltd.,TEN BC,classic cooking llc,Kellogg USA Inc,Sugar Daddy  LTD,Ochoa's Queseria LLC,Farm Country Cheese House, Inc.,Morris J. Golombeck, Inc.,Keystone Food Products Inc,Abbott Laboratories,La Centro Americana Corporation,Harvest Food Group, Inc,MegaMex Foods, LLC - R&D Center,Hi-Tech Pharmacal Co., Inc.,Ungar's Food Products, Inc.,Snoqualmie Gourmet Ice Cream,Stone Mountain Pecan Co,Sole Grano Llc,CSM Bakery Products NA-Atlanta Frozen,Frontiere Natural Meats,Westbrook's Cannery,Walgreen Company,Hillside Quickie Too
2015/1,62,Reo Spice & Seasoning, Inc,Lochirco Fruit & Produce Inc,Sessions Co. Inc.,Con Yeager Spice Co,JCB Flavors, LLC,Supervalu,Starwest Botanicals, Inc,Benson's Old Home Kitchens Bakery Division,Twin City Foods Inc,Cott Beverages Inc.,The Santa Barbara Smokehouse, Inc.,Spiceco, Inc.,Krystyna Bakery,fgf brands, inc,Dursett Amigos, Ltd,HAMCHOROM INC,Multiple Organics, Inc.,Rill Foods,Chris A Papas & Son Co,ProSupps USA LLC,Sabra Dipping Company, LLC,Summit Import Corporation,The Lime Green Grocer, Inc.,Navajo Agricultural Products Industry dba Flour Milling,El Popocatepetl Ind., Inc.,First Source Llc Buffalo,Agridient, Inc.,Fresh Foods Of America, Llc,Iberia Foods Company of New York, Inc,Spice N' More Corp.,Numbskull LLC,Red River Foods Inc,H-E-B Houston Culinary Center,ReNew Life Formulas, Inc.,Gourmet Foods International,Pink's Ice Cream,Polar Corp.,Kabobs Inc,Royal Frozen Food,Hummingbird Wholesale,T Up Trading,Probar LLC,High Road Craft Ice Cream, Inc.,Vitony Bakery, Inc.,Izzio Artisan Bakery, LLC,Myc Ingredients,Food Designs Inc,Chocolate By Design, Inc.,Kraft Foods Group Inc.,Haddon House Food Products Inc,Kirsch Mushroom Co. Inc,Hanbit Enterprises, Inc. dba Jack and the Beanstalk,Earthcoco,Gonnella Baking Co.,Sahadi Fine Foods, Inc.,Acme Smoked Fish Corp.,Goya Foods, Inc.,Cost Plus Management Services, Inc.,Paradigm Foodworks, Inc,Coalescence LLC,New American Food Products, LLC.,S-L Snacks NC, LLC
2015/2,43,Health One Pharmaceuticals Inc,Bidart Bros.,French Broad Luscious Chocolates,San Juan Salsa Co.,Sazon, Inc.,Colonna Brothers Inc.,Kanan Enterprises, Inc.,Aleias Gluten Free Foods LLC,Zenobia Company LLC,Sunfood Corportation,The Spicemill LLC.,SM Fish Corp,Aloha,Stonewall Kitchen, LLC,A I Foods Corporation,California Snack Foods Inc,Cleveland Crops Food Innovation Center,Market of Choice Inc.,World Wide Gourmet Foods, Inc. dba Alaska Smokehouse,Texamerican Food Blending, Inc.,Full Tilt Ice Cream,Tai Foong U.S.A., Inc,American Spice & Seasoning, Inc,Vitamin Cottage Natural Food Markets, Inc.,AL'S PICADERA ,Food for Lane County,PROLAINAT,Maternal Science Inc,Prima Spice, Inc.,Cape Ann Seafood Exchange, Inc.,T. Marzetti Company,Crown Food Distributor Inc.,Fiesta Pacific Products Inc.,Aron Streit Inc.,Korean Food Co.,Soyko International, Inc,Natural Earth Products,Michael Zakany LLC,H-E-B Corpus Christi Operations,Uber Vita LLC,Mead Johnson Nutrition,American Pure Whey,Green Organic Vegetables Incorporated
2015/3,43,Silver Lake Cookie Co., Inc.,Goya Foods,Iberia Foods Corp.,Dairy Farmers OF America Inc,Trader Joes Company,Ateeco, Inc.,Ricos Tostaditos, Inc.,Cuisine Innovations LLC dba Bon Appetizers, LLC,Bleating Heart Cheese LLC,Greenies LLC d.b.a. Terra Spice Company,Superior Nut & Candy Dist. Co.,Seattle Pops,Coastal Green Vegetable Company, LLC,A2Z Industries, LLC,Drake's Fresh Pasta Company, Inc.,Tarrier Foods Corp,Taylor Catering,LLC,Regional Access Inc,Dough Acquisition Co,Nutiva,MedOp Health, Inc.,Amys Kitchen Inc,Good Seed, Inc.,Imported Foods Resource Group, Inc.,Marine Harvest,Yoli, Inc. dba Mi Costenita,Lavoi Corporation d/b/a/ Epi De France,Deskins Wholesale, LLC,Driscoll Watsonville,Osamu Corporation,Byrd Cookie Co,Golden Chocolate International, Inc.,Barrel O' Fun Snack Foods, Inc.,Guayaki S.R.P., Inc.,Northhampton Peanut Company,Phildesco Inc.,Pharmatech Llc,Creative Food Concepts,Tower Cafe Inc. DBA Okarche Bakery,Crystal Fresh,Schnucks Markets Corporate Office,Fine Land Corp,LV Foods, Incorporated dba Lee Egg Rolls
2015/4,45,Top Taste, Inc,Twin City Bagel, Inc.,Aurora Products, Inc.,Corn Maiden Foods,Whole Herb Company,Fairway Operating Corp.,Hope Foods, LLC dba Hope HUmmus,La Guadalupana Wholesale Co Inc,Gourmet Kitchen, Inc.,D & D Foods, Inc.,Superior Foods,Magic Valley Fresh Frozen, Inc,Riba Foods Inc,Best Foods NJ, Inc.,Sun Rich Fresh Foods Inc,Conway Import Co,Alpine Bistro & Bakery Company,Bridge City Baking LLC,Gouveia & Sons Imports,Nuevotanicals,Tovli, Inc.,Mitsuwa Corporation,Mason Vitamins, Inc.,New Punjab Sweets Inc.,Freedom Snacks,H E B Grocery Company, LP,Maruchan, Inc.,Natar Foods, Inc.,AYAA Popcorn Manufacturing Corp.,Chemi-source, Inc.,Kellbran Candies and Snacks Inc,Coloma Frozen Foods, Inc.,Jeni's Splendid Ice Creams LLC,Southern Style Spices,Smith's Food And Drug, Inc,Waymouth Farms, Inc,Greystone Foods LLC,New England Natural Bakers, Inc.,Pages Produce Company Inc.,Flying Food Group - LAW,Taylor Fresh Foods Inc,Patel Grocery Corp,Midlon Foods Inc.,Nectar Foods LLC,Bj Wholesale Club
2015/5,20,Poco Dolce Confections, Inc.,Natural Foodworks Group,Sweet Sam's Baking Company, LLC,Wm. E. Martin & Sons Co., Inc.,Texas Pack, Inc.,Charles Products Inc,Paleteria La Jalpita,4 Him Food Group LLC,Natural Creations Inc,Supervalu, Inc.,Atkins Indiana Distribution Center,Hardies Fruit & Vegetable Co., LP,Kraft Foods North America,Rocky Mountain Foods, Incorporated,Garden Harvest,Maya Overseas Foods,Inc,Mondelez International,Dungeness Seaworks,The Hemisphere Group,Biscomerica, Inc.
2015/6,14,Blue Bell Creameries, L.P.,Dr. Pepper Snapple Group Inc,Project 7,GRAND BK CORP.,Le Fe Foods, Inc.,Orca Bay Seafoods, Inc.,Golden Plains Frozen Foods,Lion Pavilion Ltd.,Ford Gum & Machine Company Inc,Sysco Corporation,Cowden's Lycoming Bakery,Kraft Heinz Foods,Rising Sun Farms Inc,Consumer Product Distributors Inc. dba J Polep Distributif
2015/7,31,Anabolic Science Labs, LLC,Niagara Bottling, LLC,Inn Foods Inc.,Bruce Foods Corporation,It Takes A Village Foods, LLC,Redwood Hill Farm,Optimal Nutrition, Inc,Arthur Schuman Inc.,James G. Cole, Inc., dba ASN/Maxam Neutraceutics,Krusinskis Finest Meat Products,Buckwheat Enterprises, Inc,Valley View Orchard Pies Inc.,Khara Enterprises, LLC,World of Coca-Cola,Megabusiness LLC,Tipico Products Company, Inc.,Northstar Produce,Friendly Fruit, Inc. dba Sid Wainer & Son,Kar Nut Products Company,Karoun Dairies,Nutrition Resource Services, Inc.,Virginia Diner, Inc.,Custom Produce Sales,Sincerely Nuts,Wismettac Asian Food,Novacare, LLC,Tastee Apple Inc,Major Products Company, Inc.,Wilderness Family Naturals, LLC,Raley's,ADM Milling Co.
2015/8,31,HEB Retail Support Center,Defense Nutrition,Interpac Technologies,HoneyCombs Industries, LLC,Willit House Chocolate Co,Christie Cookie Co Inc,Majopa Industries Corporation,Skinny Latina LLC,Triple B Corporation,Twinings North America, Inc.,Perez Casas Enterprises, Inc.,Materne, North America,Shawnee Milling Company, Inc.,The Great Gourmet Inc,Ehrmann Arizona Dairy Llc,Jo'S Candies,Reser's Fine Foods Inc.,Coquette's Bistro and Bakery,Aksar LLC,Hilltop Farm,A.M.S. Exotic Llc,SNACK DEPOT, INC.,VRVK Nutraceuticals, LLC,Brookshire Brothers LTD-Central Bakery Plant,Sweet Superior Ltd,National Fish & Seafood, Inc.,Fabi-saa Inc.,Grace Kennedy Foods USA LLC,Williams-Sonoma,Sweets & Desserts, Inc.,Seafood Avenue
2015/9,48,North Fish Usa,Wonderful Pistachios & Almonds, LLC.,Specialty Produce Corporation,Dmh Ingredients Inc,Liquid Coffee Inc,Four Brothers Packaging Corporation,R.W. Bakers Co. Inc.,Qtrade Teas And Herb,Marathon Ventures Inc,Vaughan Foods,Sincere Orient Commercial Foods Corp.,Sobisk Foods LLC,Appeeling Fruit, Inc,National Frozen Foods Corporation--Seattle,S. Martinelli & Co,Skipanon Brand Seafoods LLC,H E B,Sockeye Suzys Fish LLC,Northwest Mothers Milk Bank,Russet House,Kronos Foods, Inc.,Certified Smoked Fish LLC,UNITED TRADING CENTER INC,Yoli Inc.,Red Bull North America Inc,Contes Pasta Company, Inc.,Wyandot Inc,First Source Llc,Nutraceutical International Corporation,Savannah-Imperial LP- Savannah Sugar Refinery,ConAgra Foods Inc,Bauli,Grocery Delivery E-Services USA, Inc.,Hormel Foods Corporation ,MR Cuta dba Riley's,Made In Nature, LLC,Santa Maura Spice & Garlic Co, Inc.,Gold Medal Products Co,Front Row Produce LLC,Moonstruck Chocolate Company,Nuovo Pasta Productions, Ltd,A. L. Schutzman Company, Inc.,Real Foods, LLC,Old Time Candy,The Ice Cream Club, Inc.,Ingredion Incorporated,Heritage International,Eban Bakery Gluten Free Breads and Baked Goods LLC
2015/10,53,Kermit, Inc.,Andrew & Williamson Fresh Produce,New Frontier Foods/Ocean's Halo,Pine Valley Foods Inc,Kariba Farms, Inc.,Del Monte Fresh Produce N.A.,Krispy Kreme Doughnut Corporation,Lakeside Foods, Inc,MCF Operating LLC,Durrset Amigos Ltd.,The Garibaldi Cannery, LLC,My Dads Favorite Cookies, LLC,A & S Food Trading Inc.,Kontos Foods Inc.,Tropical Produce Specialist Corp,Amcane Sugar Llc,The Dough Shop Pizza Dough Shop, Inc.,Herrs Foods Inc,Foods R US,Helados La Tapatia, Inc.,P East Trading Corporation,Greencore USA, Inc.,Del Monte Fresh Produce N.A., Incorporated,Bake Rite Rolls Divison of Northeast Foods,MBG Marketing,Prova Inc,Fresca Foods, Incorporated,Something Special Deli-Foods Ltd.,Enjoy Life Natural Brands,Shearer's Foods Inc.,The Family Jewels LLC,Custom Foods Inc.,Figi's, Inc,Signature Breads, Inc.,Bulletproof Digital Inc,Pure Source, Inc.,Nijay International, Inc.,FreshPoint Corporate,East-West Specialty Sauces, Inc.,Vern's & Son Food Service Distributing,Sustainable Community Development LLC dba SCD Probiotics,A.R.Food Brokerage Corp.,House Of Spices (india) Inc.,American Blue Ribbon Holdings DBA Legendary Baking,Marine AgriFuture, LLC,Turkey Hill Dairy, LP,Shri Shiva Foods Inc,ASK Foods Inc,Thomas Hammer Coffee Roasters, Inc.,Great Northern Bakehouse Inc. dba Le Petit Outre,Western United Fish Company, Inc.,krispy kreme doughnut corporation,BEYOND MEAT
2015/11,16,Delicious Food Distributors Inc,Nestle Waters North America,TN Juice Bar,Red Diamond, Inc.,B & D Seafoods Inc,Mr Goodcents Inc,Urban Oven, LLC,R.J. Van Drunen & Sons Field Facility,Saputo Dairy Foods USA, LLC,Del Monte Fresh Produce N A Inc,Frozen Specialties Inc,Save-A-Lot Food Stores Inc,Southeastern Grocers,Lets Talk Health Inc,Loki Fish Company,The Hershey Company
2015/12,31,Materne North America Corp,Chicago Kimchee,Maplehurst Bakeries, LLC.,Casey's Bakery, Inc,Eaton Farm Confectionaries, Inc.,Sunset Natural Products Inc.,Barilla America NY, Inc.,President East Company,Stratas Foods Llc,Winter Gardens Quality Foods, Inc.,Jem Raw Chocolate, LLC ,Southeastern Grocers Llc,E3 Artisan,Madison One Acme Inc,Zingerman's Candy Manufactory,Peking Food LLC,The Kraft Heinz Company,Nuwati Herbals Inc,D.S. Waugh,Sun Noodle New Jersey, LLC,Cary's of Oregon LLC,Living Tree Community Foods,Ventura Foods LLC,CSFPDX, LLC,Albertsons Llc,Flying Cow Creamery,Cosmetic Labs LP,Taylor Farms Pacific, Inc.,Dessert Innovations II Candy Divison,WD IMPORT AND EXPORT INC.,Simply Delicious Inc.
2016/1,24,Flying Foods LLC,Wholesome Soy Products,Braga Organic Farms, Inc.,Norpac Foods, Inc. (Plant #8),Caribou Coffee Company Inc.,Umpqua Dairy Products Co,Cape Cod Provisions LLC,Heartland Products Inc.,This Bar Saves Lives,Albertsons Companies, Inc.,Mt Perry Foods Inc,Scenic Fruit Company,Heartland Products, Inc.,Zatarain's Partnership, L.P.,JNC International Inc.,Gutierrez Distributors, LLC,Roundys Supermarkets, Inc.,Bertagni 1882,Thai Culinary Arts Studio LLC,Northwest Specialty, Inc.,International Tea Importers,FABI - SAA Inc.,Paradise Farm Organics Inc,Zochem Inc.
2016/2,60,Icrest International LLC,Texas Star Nut and Food Co., Inc.,Halperns' Steak & Seafood Company LLC,Strong America Limited,Fresh Express Incorporated,International Sprout Holding Inc.,AA USA Trading Inc.,World Variety Produce Inc.,Faye's Texas Naturals,Penta Intenational, Inc.,NewStar Fresh Foods, LLC,Sweetwater Farms LLC,Homestat Farm Ltd,R&D Technical Center,Jody's Gourmet Popcorn,C. H. Guenther & Son, Inc.dba Morrison Milling,Picnic Gourmet Spreads LLC,DEOLEO USA, Inc.,Zenobia Co.,NutraKey, Inc.,Bay Valley Foods,Uoriki Fresh Inc,Casper's Ice Cream, Inc,Ingredients Corporation Of America,CJ Distribution (Oakland) Inc.,Dutch Cheesemaking,Wakefern Foods Corp.,Mary's Gone Crackers, Inc.,King Soopers Bakery,Constantine Poulos and Company dba International Foods, Inc.,Ventura Foods Calttn Hq Ap Bulk Oil,Flowers For Less,FoodState, Inc ,NP Nutra,Restaurant Depot/Jetro,Garden Of Life Llc,Oak Haven, Inc dba Country Life Natural Foods.,International Trading & Import I,Azuma Foods International Inc USA,The Sausage Maker, Inc.,Grain Craft, Inc.,Naturmed Inc DBA Institute for Vibrant Living,Jack And The Green Sprouts, Inc.,Martinez Imports, LLC,Fresh Creative Foods,Illes Food Ingredients Ltd.,Healthy Solutions LLC,Hail Merry LLC,Ducktrap River of Maine LLC,Ruiz Food Products Inc,Germinados Campo Verde,Michel et Augustin Inc,Patel Shippers Inc,Buell's Orchard,Prayon Inc.,Nutritional Resources Inc,Sinco,Carfagnas Inc,Republic Of Tea,Commerce International Inc.
2016/3,44,BIMBO Bakeries USA Inc.,Swinomish Fish Company, Inc,Pinnacle Foods, LLC,Flying Food Group LLC,Bliss Bros Dairy, Inc.,Iowa Select Herbs LLC,Inventure Foods,Nestle Infant Nutrition,Health Matters America, Inc.,Sonora Mills Foods,European Natural Foods & Trading Company, Inc.,Servatii Inc,Karl Bissinger, LLC,Cass Clay Creamery AMPI Fargo Division,CJ Foods, Inc., A Division of CJ America,Thomas Produce Co.,Camericam International Inc,SHAKTI GROUP USA LLC,NOW Foods,Family Dollar Stores - NC Distribution Center,OLMA-XXI INC.,21st Century Foods, Inc.,PERU FOOD IMPORT INC,Brett Anthony Foods,S & S Foods, Inc.,Back To Nature Foods, Llc,Yummy Earth Inc,JRZ Dairy Products Inc.,Bearded Brothers LLC,King Henry's, Inc.,Dollar Only Wholesale,Aloha Medicinals, Inc.,J&D's Down Home Enterprises, Inc.,AC Culinary Group LLC,Intermex Products USA, Ltd,Schafer Fisheries,Whole Foods Market North Atlantic Kitchen,Royal Seafood Baza,1 Epic, LLC,Woodland Foods,Mericon Industries Inc.,Chesterman Co,Professional Botanicals,Le Petit Belge
2016/4,55,Welle Pty Ltd,Wise Foods Inc,Roland Foods, LLC.,Missa Bay, LLC,Progressive Gourmet Inc.,Bunge Oil North America Inc.,Pulmuone Foods Usa,The Pictsweet Company,Alimentos Congelados, S.A. (Pinula),Mondelez Puerto Rico,Schulze & Burch Biscuit Co,Greater Pittsburgh Community Food Bank,Salsa Dianne,Oasis Trading Co., Inc.,World's Choice Products,Bakery Express of Southern California,Way Fong LLC,O'Steen Meat Specialties, Inc.,Reser's Fine Foods, Inc. - Century,Montero Farms,Hydroblend Inc ,H & E Trading Inc,Health 4 Life, LLC,Bakery Express of Central Florida, Inc.,Msu Dept Of Fd Sci Dairy Plant,HELLOFRESH,Spice Chain,Platinum Distribution Inc,Procesadora de Frutos y Vegetales del Caribe,Jacobsen Salt Co.,Pronutri, LLC,Frozen Inc.,Taylor's Candy, Inc.,Mighty Leaf Tea,Kerry, Inc,Domino Foods, Inc.,Lee Seed Co Inc,Nuvi Global Corporation,Snyder's-Lance Inc.,American Gourmet,Glenn Wayne Wholseale Bakery Inc.,Infiniti Creations, LLC,Cedar Crest Specialties, Inc.,Lee'S Food Corp,Yoma Myanmar,purely elizabeth.,Calbee North America, LLC,Osage Gardens, Incorporated,Vitalicious Acquisition,EN-R-G Foods, Inc.,CV EAST LLC, CORNERSTONE MARION LLC,Rosa Foods HQ,Level Ground Trading Limited,FONA Int'l,Robert Rothschild Farm LLC
2016/5,85,The Caramel Factory, LLC.,Papa John's Salads and Produce, Inc.,Frank L Harter & Sons Inc,CRF Frozen Foods, LLC,Dr. Praeger'S Sensible Foods,Navitas, LLC.,Dakota Style, Inc,Pita Pal Foods LP,CSM Bakery Products,Maytag Dairy Farms Inc,Royal Snacks Inc,Silva International Inc.,The Quaker Oats Company,Nubreed Nutrition, Inc,Magic Seasoning Blends, LLC,Rucker's Wholesale & Service Co., Inc.,Jel Sert Co.,Harris Teeter Distribution Ctr,Prinova US LLC,Zarbee's Naturals Inc.,Armour Eckrich Meats Llc,Harris Teeter,Let's Do Lunch, Inc.,CH Guenther & Sons, Inc,Liquid Assets Inc,Dough Masters Co Inc,Sweet Earth Inc.,Bickel's Snack Foods Inc,Maglio & Co Ready Fresh,Wicker's Food Products Inc,Kwik Trip, Inc.,Fal Foods Usa,Ouhlala Gourmet Llc,Bakery Express - Mid Atlantic, Inc.,Rucker's Makin Batch Candies, Inc. ,R. J. Van Drunen and Sons Inc.,The Hain Celestial Group, Inc. - Worldwide HQ,Country Home Bakers,Southeastern Mills Custom Seasoning Solutions,Baked in the Sun Corporation,Nature's Harmony LLC,Immune Tree, Inc (formerly ITG, Inc.),Rajbhog Foods (NJ) Inc.,POPSALOT, LLC,Lactalis American Group, Inc.,Gilbert Foods Inc.,Shearer's Snacks,Big Y Foods, Inc.,Zupan Enterprises, Inc.,Mister Cookie Face Corporation,Treehouse Foods,GMJ Natural Products, Inc.,Ballester Hermanos, Inc.,Reese Pharmaceutical Company,Dutch Treat Salads Inc.,Mann Packing Company, Inc.,Monogram Appetizers, Inc,Ultimate Nutrition, Inc.,Van Vogt Creations,Gardner Pie Company,Sprouts Extraordinaire, LLC,DesignPac Gifts Inc LLC,PAO DE MILHO III, LLC,Federico's Bakery,Big L Brands Inc DBA molly&drew The Beer Bread Company,Arcobasso Foods ,Seth Ellis Chocolatier, LLC,Saputo Cheese USA, Inc.,Chocolate Shoppe Ice Cream Co., Inc.,McConnell's Ice Cream, Inc.,SSI-GoPicnic LLC,Creative Occasions, Inc.,BEDEMCO IMPORT EXPORT INC.,H-E-B GROCERY COMPANY LP DBA HEB,Green Cuisine, Inc.,STEWARTS SHOPS CORP,Cinnabar Specialty Foods, Inc.,LSG Sky Chefs,Linnane & Co,Taiwan Seafood & Fish Corporation,LSG Sky Chefs, Inc.,Willis Ocean Inc.,Magic Gourmet Trading Inc,First Source, LLC,Arro Corporation
2016/6,53,El Gordo Spices, LLC,Simple Health LLC,Brown & Haley Inc.,Atkins Nutritionals, Inc.,WHOLE FOODS MARKET,Crescent Specialty Foods Inc,Parker Products, Inc.,Werner Gourmet Meat Snacks, Inc.,Herr Foods, Inc.,Nu Life Market LLC,Tippin's Gourmet Pies, LLC,Sandridge Food Corporation,Bridgewell Resources LLC,Vending Nut Co Inc,Productos La Finca, Inc.,Geneva Foods, LLC,Inland Seafood, Inc.,C.J. Dannemiller Company, Inc.,Sanwa International Wholesale Foods, LLC,Innovative Food Processors, Inc.,Golden Crown Bakery, Inc. dba Panzanella Bread Company,National Frozen Foods Corporation,Bakers Of Paris, Inc.,Sunrise Foods Inc,SunOpta Food and Grain, Inc.,CAMBRIDGE FARMS OF HANOVER LLC D,Ricker Hill Orchards,Minnie Marie Bakers, Inc. dba Awrey's Bakery,Superior Dairy Inc,Pioneer Frozen Foods, Inc,Ach Food Companies Inc,Essential Foods Inc. dba Globespun Gourmet,Bounce Life Style HQ,Norm's Gourmet Sauces & Blends,Pearson Foods Inc.,McCormick &  Company - Corporate Headquarters,Four Brothers Packaging Inc.,Chelsea Food Service Division of United Airlines,Pharmatech LLC,Odyssey Enterprises Inc,Natrium Products Inc,Brownwood Farms,Annona Company, LLC,H.P. Hood, LLC,Oasis Foods Co,The Popcorn Shoppe,Nutrisystem Inc,Truco Enterprises, Inc,Freshbev LLC,Vulto Creamery,National Sugar Marketing LLC,Azteca Milling LP,Bitterman and Sons
2016/7,32,Spartan Stores,Oregon Potato Company,Montana Flour & Grains, Inc,SM Fish Corp.,Northwest Wild Products,Hy-Vee Stores Inc,Hampton Creek Foods,FKC International, Inc.,Hostess Brands, LLC,ConAgra Frozen Foods, Inc,Prime Foods, Inc. LLC,Deli-Food Chili & Spice LLC,Ajinomoto Windsor Inc., Golden Tiger Plant,Agave Dream,Warren Produce Co., LLC,R.W.Garcia Co., Inc.,Weis Markets, Inc., Ice Cream Division,Theo Chocolate Inc,Northern Tier Bakery,Stahlbush Island Farms, Inc.,Misono Food Ltd,Chaos and Pain,English Bay Batter Inc (Toronto) US Division,Grassfields Cheese, LLC,BAKE N JOY FOODS, INC.,Whole Foods Market Northeast Regional Office,Drews LLC,Hmshost,Kracker Enterprises, LLC,Forever Cheese,Mary's Harvest Fresh Foods, Inc.,EBY BROWN CO
2016/8,34,Pharmavite,Michel Cordon Bleu Inc,Ryszard Food Distributor, Inc. ,WTI, Inc  -World Technology Ingredients,True North Salmon,El Alteno,LiDestri Foods, Inc.,Wilton Brands.,Kill Cliff,Complete Packaging & Manufacturing, LLC,Regalo's Favorite of Hawaii Inc.,ICC/Marie Callender's Products,Bob's Red Mill Natural Foods, Inc.,JJBL LLC,Pollio Italian Cheese Company,Kuster's Inc.,Natural Formulas,Post Consumer Brands,Charlie's Specialties, Inc.,Cre 8 It, Inc.,Northern Fish Products, Inc.,Mccormick,Samuel Adams Brewery Co,Minnesota Best Maid Cookie Co. Inc.,Golden Star International Inc.,Starlight Creatives, Inc.,TIPIAK Inc,PITTSBURGH SPICE & SEASONING CO,Tortillas Tita, LLC,Victory General Foods Inc,Athens Baking Company,The Henry Gonsalves Co.,Batch International Llc,Box Mill Farm
2016/9,39,Tomales BayFoods,KRISHNA FOOD CORP,Nestle Dreyer's Ice Cream Company,Faribault Foods, Inc,Porfirios Italian Foods, Inc.,Ferrara Candy Comp,Green Dirt Farm, LLC,Misty Fjord Seafood LLC,Del Monte Research Center - Walnut Creek,Beverage International,Ohio Hickory Harvest Brand Products Inc.,Cargill, Inc         Corporate Headquarters,Real Fudge,Pure Ghee, Inc.,Request Foods Inc.,Coliman Pacific Corp,Conifer Specialties, Inc.,JML Holdings Inc,Seely Family Farm,Shearers Foods, Llc,Clif Bar & Company,LSG Sky Chefs #1393,Fresh Express, Inc.,Ron's Home Style Foods, Inc.,High Liner Foods, Inc.,Chesapeake Spice Company, LLC,The SoyNut Butter Company,Kusher LLC,The French's Food Company, LLC SUBS Reckitt Benckiser,United Dairymen of Arizona,Dutch Valley Food Distributors,Whiskey Hill Smokehouse,Greater Miami Caterers, Inc.,Landies Candies, Inc.,Sunshine Bakery,Sun Opta,FENG MAO BIOTECHNOLOGY ORGANIC FOOD CO., LTD.,Advanced Fresh Concepts Corp,ChloroFields
2016/10,20,Koffee Kup Bakery Inc.,C.F. Sauer Company,Nobel Bakery,Bindi North America,Rikki USA, Inc.,Fanega Mexican Food Products, Inc.,Mel-O Cream Donuts International, Inc.,Island Soups Company Inc.,KRAFT HEINZ FOODS COMPANY,Batista Bakery & Pastries, Inc.,AC Creamery,Get Drizzled Custom Wine Drizzle, LLC,Good Earth Egg Company,Nutra Manufacturing,DFI Organics,Tasty Toppings Inc,Westby Coop Creamery,GREENCORE USA,Portland Specialty Baking LLC,Companion Foods Corp.
2016/11,34,Thomas Star Bakery of Ohio,Prime Time International,E S Foods,Miravalle Foods, Inc.,R & J Almonds, Inc. dba Jonny Almond Nut Co.,Eola Bottling Company Inc.,Pastian's Bakery,Meijer, Inc.,Troyer Cheese Inc,Perfetti Van Melle USA Inc,ISB Food Group, LLC,To Your Heart's Content,HANDY SEAFOOD INCORPORATED,Apple Tree Goat Dairy,Crescent Vending Co. Inc.,Sokol and Co,NATURECOM INC,Galliker Dairy Co.,Clear Spring Foods Specialty Products Plant Inc.,ARON STREIT INC,Midwest International Corp,Safecor Health, LLC,Snow Monkey,All American Seasonings, Inc.,RL Schreiber Inc,House-Autry Mills, Inc,Censea Inc,Copperleaf Kitchen, LLC Comfort Foods Division,Capitol City Specialties Company,Linden Cookies, Inc,Small Fry Inc.,Valley Milk Products,Hampton Farms Industrial Plant,McCormick & Co Inc. Spice Mill Plant
2016/12,64,Simply Fresh Fruit,Fairway  Group Holding Corp dba  Fairway Bakery LLC,Preferred Meal Systems, Inc.,Fresh Express Incorpated,Mary's Homemade,Country Fresh Products, LLC,Chapel Hill CreameryLLC,Elmec Industries, Inc.,Five Star Gourmet Foods, Inc.,Royal Seafood Baza, Inc.,Hale And Hearty Soups, LLC,PIAZZA PRODUCE, INC.,Vanlaw Food Products, Inc,Topnotch Foods Inc,Aspen Hills, Inc.,Fourth Street Barbeque, Inc.,American Instants, Inc.,Hungry Heart Bakery,United Food Ingredients, Inc.,Schreiber Food International,Dutch-American Foods Inc,Houdini Inc.,SAFEWAY INC,Krasnyi Oktyabr Inc.,Jem Raw Chocolate LLC,IQ Formulations, LLC,West Coast Laboratories Inc,Cargill Cocoa & Chocolate, Inc.,J M Exotic Foods Inc,Arcadia Trading Inc.,Farm To Market Foods,Boulder Brands, LLC,Bio-Botanica, Inc.,King's Pastry,Hormel Foods Corporation,Starkey Water,Brand Castle LLC,Marich Confectionery Company, Inc.,Annie's Kitchen,Blommer Chocolate Co., Inc.,Chocolate Holdings Inc. DBA Charles Chocolates,O'Pelle Enterprises, Inc.,Authentic Alaska,Lenny & Larry's, Inc.,Anderson's Frozen Custard,JML Ingredients,Chip'n Dipped,Steven Roberts Originals, LLC,Original Amish Bakery LLC,Coca-Cola Consolidated,Nu Skin Enterprises Inc. ,Dieffenbach's Potato Chips, Inc.,Subco Foods of Wisconsin, Inc.,Ming Hong International,Inc.,Gourmet Classic Salads, Inc.,Crystal Geyser Water Company,Franklin Farms East,FROMI USA CORP C/O NATIXIS PRAME,Sunrise Growers, Inc,Del Dee Foods Inc.,True World Foods Portland, LLC,Our Local Bounty,GONZALEZ WHOLESALE DISTRIBUTOR,L,Allen's Blueberry Freezer, Inc.
2017/1,23,Poppie International INC,Dutch Valley Food Distributors Inc.,Yum Retaurants International,Palmer and Company, dba Palmer Candy Co,Dorothy Dawson Food Products dba Dawson Foods,Circle U Foods, Inc,Los Chileros De Nuevo Mexico, LLC,Pier Fish Company, Inc.,Berner Food & Beverage, LLC,Golden Flake Snack Foods Inc,Gamay Foods Inc,Altijira Murray Products, LLC,LBB IMPORTS,Kingsway Trading Inc,The Two Little Guys Company,Snak King Corporation,Archer Daniels Midland Company,Penn Herb Company, Ltd.,Tasty Delicious Bakery Inc.,Kemps, LLC,Hanover Foods Corporation,Versa Marketing,Unisea Inc.
2017/2,26,Fred Meyers Inc,Papa John's Salads & Produce, Inc.,Pinnacle Foods,B & H Foods Inc,Cumberland Valley Creamery, LLC,Butala Emporium, Inc.,Bell Stone Toffee,NSE Products, Inc.,Index Fresh,GOULIBEUR,Del Monte Fresh Produce N.A., Inc. HQ,Nachman's Native Seafood, Inc.,Oriental Packing Co., Inc.,Bwi Inc,SEAQUEST SEAFOOD CORPORATION,Fuji Food Products, Inc.,Meijer Inc,Sammy's Milk,Dairy Maid Dairy, LLC,Barberi International Inc.,Give and Go Prepared Foods Corp - Finch,Sea Port Products Corp,World Organic Corp.,Kroger Corporate Food Technology Laboratory,Life Rising Corp                                    S,McShare's Inc
2017/3,26,Kwei Chow Sauce Industry Co., Ltd.,VivaCeuticals, Inc. dba Regeneca Worldwide,Biery Cheese, Inc.,Dolcetta Artisan Sweets,J & J Distributing Company,Gerber Products Company dba Nestle Infant Nutrition,Ashers Chocolates/Lewistown, Inc.,Myers Cider Mill, LLC,Dawn Food Products Inc.,Seafarers Inc.,Pondini, inc.,La Granja Inc,Capital Street LLC,Van Amerongen & Son, Inc.,NONNA FOODS,Ardent Mills Llc Usa,Lian Hwa Foods (USA) Inc.,Morski Brands, Inc. dba Dawn's Fresh Foods,Bak EZ,Pro Sports Club,Weaver Popcorn Co.,Choice Products USA, LLC,Vertical Pharmaceuticals, Inc.,Ton Shen Health Inc,Global Marketing Enterprises, Inc.,Monster Energy Company
2017/4,25,GAS LLC, LLC - Golden Alaska M/V,Italian Gluten Free Foods CL,Green Chile Foods, Inc.,The Smokehouse of New York, LLC.,Givaudan Flavours Corp,Olde York Potato Chips,Killer Brownie Distributing LLC,Moondance Heavenly Desserts, LLC,Quaker Oats Co,HVF Inc. d.b.a Huson Valley Farms,Oberlander Baking Co,Maple Mountain Group, Inc.,Fuji Natural Foods, Inc.,Lords Organics Llc,Herbmed USA Company Inc.,Farmo Foods, Inc.,Aroma Imports Inc,Urban Remedy,MusclMasster, LLC,RB Manufacturing LLC,Jimmy's Cookies,Tropic Fish Hawaii, LLC,America New York Ri Wang Food Group Co. Ltd.,Beyond Better Foods Llc,Kenny's Great Pies, Inc.
2017/5,51,U S Deer Antlers Export & Import,Lyrical Foods Inc,Alaska Pasta Company,ISF \"USA\", LLC,Classik Foods Inc.,Trident Seafoods Corp - Island Enterprise M/V,Hilo Fish Company Inc,Monfitello,Sea Watch International Ltd,Oxford Frozen Foods Plant 1,3CS ORGANICS LLC,SK Food Group Groveport,Samiira's Homemade,Northern Fisheries Ltd.,Tyson Foods, inc.,Mikawaya,Choice Northwest,Fit and Focused Supplements,Del Mar Food Products Corp.,BrightFarms, Inc.: WDC Greenhouse LLC,Blue Diamond Growers,Krisppee Products Co.,L.A. Lucky Import & Export,Lamb Weston Inc,California Sun Dry Foods,Wholefoods Market,NatureAll-STF Holding, LLC,Severn Peanut Co., Inc. DBA Hampton Farms,International Flavors & Fragrances, Inc.,Smucker Foods of Canada Co.,Amodio's, Inc.,La Nica Products,  Inc.,Phoenix Food, LLC,Sami's Pita Bakery, Inc.,Still Riding Foods, LLC,GLOBAL COMMODITIES INC,Bacalafoods Corp,DeMoulas Supermarket, Inc.,Global Garlic, Inc.,Meijer, Inc #816 - Grand River Packaging,LJA Enterprises,Hans Kissle Company, LLC,Wildway LLC,H & C Food Inc,The Harvard Drug Group,Peanut Butter holdings, LLC,First Source,Trinidad Benham Corp,P & E Foods Inc,CHI Greenhouse,Virginia Diner Inc
2017/6,50,Aldon Food Corp. dba Don's Salads & Don's Food Products,Eatem Foods Company Vineland,Correctional Industries Food Factory,Bulletproof 360 Inc,GnuPharma Corp.,Texas Plum Line,YouBar,Nelson's Creamery, LLC.,Channel Fish Processing Co. Inc,Naturefood 2010 Company,Genetic Edge Compounds LLC,Joseph Shalhoub & Son, Inc.,Slade Gorton & Company, Inc.,Classic Delight Inc,Duy Drugs Inc.,Coborn's, Inc,The Idaho Foodbank,The Horton Fruit Co Inc,Bolner's Fiesta Products, Inc,Ardent Mills, LLC,Shatto Milk Co,Sabor Mexicano,Wicks,Raja Foods, L.L.C.,Elevation Brands, LLC,La Pasta, Inc.,Cracker King Corp.,United Natural Foods, Inc.,Albertsons Inc,Kelejete LLC,Dierbergs Markets, Inc Corporate Office,Beatrice Bakery Co,AB HANSON AND MOHRING,Global Lam Sheng Kee inc.,Professional Complementary Health Formulas, LLC,Cafe Spice GCT DBA Zaika Flavors of India Inc.,Primavera Nueva,Bakemark Ingredients Canada Lt,Stutzman Farms,Garden Of Light Inc.,Innovative Nutrition Technologies,TRULY GOOD FOODS,SIlver HIlls Bakery,The Best Bar Ever Inc.,Publix Supermarkets, Inc. (Deli Kitchen),McCain Foods Canada, Inc.,Commonwealth Dairy, Llc,Ito En (USA) Inc.,Fresh Venture Foods, LLC,Zydot Unlimited, Inc
2017/7,11,Laura's Boston Brownies,United Natural Trading Inc. dba Woodstock Farms,Bliss Microcreamery, Inc.,ISABEL NORTH AMERICA, INC.,Sunneen Health Foods, LLC,Morski Brands Inc. dba Dawn's Fresh Foods,Nisbet Oyster Co Inc,Grandma's Herbs,FLAVORx Inc.,Fresh Tex Produce, LLC,GRANDE PRODUCE LTD CO
2017/8,34,Amrita Health Foods,Penobscot McCrum LLC,Bush Brothers & Co,Carla's Pasta, Inc.,Litehouse Inc,Dedinas Franzak Enterprises dba Cheeze Kurls Inc.c.,Joy's International Foods,Kilby Cream,Bravo Produce Inc,Handsome Brook Farm, LLC,Pro Bioteks Laboratories,Michele's Granola LLC,New Century Snacks LLC,United Trading Inc.,Madhava Honey Ltd,AGROSONS LLC,Bateman Community Living,Rushing Waters Fisheries, LLC,House of Spices India, Inc.,Fairway Group Holdings Corp,NEW SEASONS MARKET,Go Fresh,EL Chilar Huff,SUNOPTA GRAINS AND FOODS,Rocky'S Historic Eastern Market,House Of Thaller Inc,Bel Brands USA,Country Harvest, Inc.,Tai Foong USA Inc,Tomanetti Food Products Inc,SIMPLY FRESH FOODS INC,Good Eggs SF - Bay,Earthbound Farm, LLC,Rolnicza Spoldzielnia Produkcyjna Zlotoklos
2017/9,15,Quickie Stores, Inc.,Cargill Cocoa and Chocolate, Inc.,Myanmar Wholesale Trading,KIND LLC,Diversified Foods and Seasonings, Inc,Organic Spices, Inc,Garden Of Life, LLC,Silver Spring Foods, Inc.,Taylor Farms New Jersey, Inc.,Rajbhog Distributors GA Inc,Death Wish Coffee Company, LLC,Ricker Hill Farms,Friendly Fruit Market dba Sid Wainer & Son,Pinnacle Food Group, Llc,Apple King, LLC
2017/10,40,Great American Deli, LLC,Greencore USA, LLC,Harmless Harvest,Tres Latin Foods,Midway Specialty Vehicles LLC,Cooperstown Cheese Company, LLC,San Gennaro Foods, Inc,New American Food Products, LLC DBA American Foods,Ruckers Makin Batch Candies,Etai's Food, Inc,DSD MERCHANDISER INC,AMS LLC dba Gagne Foods,Donkey Salsa,J R Simplot Co Corporate HQ,RELISH FOODS, INC.,Veronica's Treats, Inc.,Hong Lee Trading,Great Lakes Cheese Co Inc,Uptown Bakeries,E & E Enterprises,Cargill Salt,Pacific Foods of Oregon, Inc.,HEB Grocery Company,21ST CENTURY SNACK FOODS,Performance Food Group, Inc.,Champion Foods, LLC,doTERRA International, LLC,Setton International Foods Inc,Steve's Gourmet Confections,Chun Yuen Trading Co., Inc.,Shoreline Fruit, LLC,NUTCO Inc. dba Germack Pistachio Co.,Henning Cheese, Inc.,NATURES TOUCH FROZEN FOODS LLC,Plow And Hearth,Blue Line Food Service Distribution,Creative Contract Packaging Corporation, LLC,John Zidian Co,Paragon Foods,Gourmet International Inc.
2017/11,21,CFS West Holdings Inc,Yorgo Food's Inc.,Arise Gluten Free Bakery,Seattle Gourmet Foods Inc.,JLM Manufacturing LLC,Maple Hill Creamery, LLC,Sichuan Youjia Foodstuffs Co., Ltd,Astor Chocolate Corp.,FANTE, Inc., dba Casa Sanchez Foods,Dominguez Family Enterprises, Inc,Detroit City Nut, LLC,Colorado Nut Co,Clover Hill Dairy,Saranac Brand Foods, Inc.,Ahold Usa,Gourmet Nut, Inc.,Pure Encapsulations, Inc.,Working Cow Homemade Inc.,Rachael's Food Corporation,Pacific Rim Distribution Inc.,JP's Delicacies LLC
2017/12,1,Old Dutch Foods, Inc
After Dec 2017,0
