,2049
product,1264
undeclared,1056
may,756
was,685
due,674
recalling,648
milk,599
contaminated,566
contain,562
recalled,506
potential,500
salmonella,471
products,469
listeria,469
monocytogenes,452
contains,441
ingredient,404
firm,378
recall,374
has,326
allergen,317
soy,310
contamination,303
label,289
found,280
inc,269
were,264
wheat,251
peanut,249
are,248
chocolate,224
positive,212
been,199
statement,177
peanuts,175
notified,174
yellow,169
supplier,168
butter,168
used,162
presence,155
cheese,154
initiated,137
allergens,136
declared,135
fda,134
being,133
declare,131
lot,131
protein,130
possible,129
brand,123
ingredients,123
voluntary,121
egg,121
voluntarily,117
red,115
does,112
tested,112
labeled,111
manufactured,111
received,102
cream,102
raw,98
metal,98
under,97
department,93
nuts,93
salad,93
organic,93
sample,92
flour,90
mix,88
llc,87
plastic,86
agriculture,83
fragments,83
material,82
sampling,82
analysis,82
eggs,81
ice,80
lecithin,79
sulfites,79
fdc,79
listed,79
levels,77
lots,77
contained,76
state,74
frozen,74
based,74
health,73
powder,70
pieces,70
whereby,69
list,69
after,68
labeling,68
dietary,68
almonds,68
coconut,66
ppm,66
cookies,65
foreign,65
dark,64
during,63
customer,63
fresh,61
e,61
sauce,61
potentially,60
containing,60
did,60
blue,60
almond,60
packed,58
packaged,57
small,57
had,56
discovered,55
produced,55
consumer,55
whey,54
mislabeled,54
cumin,54
certain,53
markets,53
fish,53
cause,53
testing,53
tree,53
packages,52
fruit,52
company,52
seasoning,52
incorrect,51
result,51
serious,51
gluten,51
white,51
finished,51
bars,51
prepared,50
production,50
distributed,49
labels,49
packaging,49
walnuts,49
york,49
sunland,49
inspection,48
cake,48
various,48
green,48
revealed,47
glass,46
sunflower,46
coli,46
conditions,45
using,45
cookie,45
chloramphenicol,45
botulinum,44
date,44
include,44
free,44
nut,43
salmon,42
supplements,42
manufacturing,42
insanitary,41
shrimp,41
made,41
manufacturer,41
clostridium,40
held,40
filth,40
oil,40
number,40
market,40
co,39
become,39
results,39
flavored,39
risk,38
smoked,38
whole,38
failed,37
corn,37
colors,37
sold,37
supplied,37
bar,37
natural,36
suppliers,36
injurious,36
bulk,36
black,36
mold,36
package,36
roasted,36
rendered,35
onions,35
lead,35
high,35
pecans,35
farms,35
dried,35
bread,34
limited,34
bags,34
retail,34
potato,34
bakery,34
complaint,34
processed,33
following,33
supplement,33
ground,33
water,33
candy,32
unapproved,32
test,32
chip,32
bottles,32
dough,32
code,31
acid,31
caramel,31
chicken,31
beans,31
flavor,30
inadvertently,30
manufacture,30
through,30
samples,30
allergic,30
honey,30
color,30
tuna,30
reported,30
eagle,30
specific,29
mangoes,29
shellfish,29
spoilage,29
blend,29
macadamia,29
andor,29
c,29
chips,29
spinach,29
facility,28
specialty,28
boxes,28
sugar,28
incorrectly,28
dates,28
salted,28
dba,28
infections,28
dairy,28
giant,28
cashew,28
o,28
seeds,28
nutrition,27
missing,27
international,27
sodium,27
best,27
gourmet,27
reaction,27
inside,27
salt,27
cans,27
multiple,26
allergy,26
seafood,26
information,26
individual,26
laboratory,26
organism,26
states,26
sometimes,26
fatal,26
complaints,26
bean,26
sweet,26
produce,25
iqf,25
severe,25
cashews,25
hot,25
per,25
issued,25
sea,25
mills,25
back,25
panel,25
farm,24
run,24
elevated,24
lack,24
spice,24
dressing,24
rice,24
cheddar,24
initiating,23
daniella,23
cut,23
sliced,23
collected,23
informed,23
above,23
trading,23
process,23
lemon,23
therefore,23
snack,23
vitamin,23
ca,22
lifethreatening,22
subingredient,22
granola,22
walnut,22
containers,22
affected,22
level,22
amount,22
detected,22
garlic,22
expanded,22
codes,22
pecan,22
apple,22
immune,22
sour,22
kernels,22
korean,21
us,21
error,21
sprouts,21
varieties,21
ppb,21
american,21
bag,21
identified,21
source,21
young,21
children,21
orange,21
general,21
seed,21
declaration,21
covered,21
mg,21
meet,20
juice,20
soybean,20
issue,20
mixed,20
corporation,20
actually,20
without,20
included,20
tea,20
investigation,20
instead,20
fails,20
ginger,20
dry,20
enzymes,20
america,19
consume,19
onion,19
illness,19
vegetable,19
hazard,19
present,19
part,19
systems,19
mislabeling,19
sensitivity,18
oysters,18
cases,18
firms,18
b,18
apples,18
vanilla,18
original,18
three,18
soup,18
golden,18
jars,18
frail,18
elderly,18
de,18
meal,18
sunopta,18
possibility,18
pepper,18
trader,18
residue,17
routine,17
salsa,17
notification,17
determined,17
quality,17
canada,17
reports,17
box,17
baked,17
life,17
coffee,17
fd,17
meijer,17
others,17
ounce,17
dip,17
conducting,17
weakened,17
nysdam,17
ravioli,17
environmental,17
ecoli,17
chile,17
style,17
pacific,16
ohio,16
equipment,16
pistachio,16
valley,16
cinnamon,16
mm,16
pesto,16
response,16
growth,16
between,16
pine,16
pesticide,16
several,16
usa,16
single,16
pistachios,16
mini,16
fudge,16
healthy,16
basil,16
bacteria,16
kits,16
brands,15
including,15
corp,15
oyster,15
size,15
lab,15
pasta,15
kit,15
temperature,15
cherry,15
r,15
sandwich,15
flavors,15
taste,15
trace,15
italian,15
yogurt,15
september,15
canned,15
california,15
piece,15
hummus,15
cups,15
cartons,14
florida,14
mixes,14
cfia,14
lists,14
within,14
sandwiches,14
upc,14
ph,14
amounts,14
low,14
correctly,14
salads,14
select,14
crunch,14
private,14
pie,14
party,14
four,14
chunk,14
finding,14
cranberry,14
thai,14
distribution,13
gills,13
adulterated,13
canadian,13
seasoned,13
shipped,13
store,13
added,13
outbreak,13
aflatoxin,13
raisin,13
however,13
associated,13
buttermilk,13
contract,13
although,13
capsules,13
consumers,13
crackers,13
stated,13
chili,13
matter,13
correct,13
energy,13
illnesses,13
cocoa,13
grocers,13
antibiotic,13
while,13
facts,13
properly,13
taco,13
tortillas,13
bottle,13
action,13
district,13
before,12
meat,12
breaded,12
confirmed,12
peppers,12
processing,12
strawberry,12
any,12
standards,12
off,12
imported,12
anchovies,12
slices,12
pasteurized,12
placed,12
base,12
santa,12
line,12
wholesale,12
garden,12
came,12
herring,12
toffee,12
macaroni,12
pouch,12
organics,12
uneviscerated,12
wire,12
kinnikinnick,12
light,12
pesticides,12
good,12
cakes,12
stores,12
cottage,12
carob,12
north,11
quantity,11
ranch,11
where,11
certified,11
molluscan,11
known,11
hazelnut,11
nutritional,11
s,11
nature,11
parmesan,11
further,11
such,11
recent,11
dept,11
random,11
peas,11
cracker,11
mushrooms,11
liquid,11
sampled,11
conducted,11
mi,11
should,11
popcorn,11
blueberry,11
listing,11
items,11
regular,11
house,11
agricola,11
identify,11
muffins,11
classic,11
announces,11
wrong,11
lid,11
lobster,11
plus,11
crab,11
object,11
pumpkin,11
toxin,11
outer,11
individuals,11
contact,11
report,11
dmaa,11
count,11
kraft,11
direct,11
pouches,10
august,10
precaution,10
public,10
decided,10
jalapeno,10
same,10
traces,10
group,10
korea,10
cold,10
resulting,10
ponceau,10
pasteurization,10
item,10
ieh,10
multi,10
pack,10
container,10
shavings,10
thin,10
soft,10
warning,10
plant,10
real,10
curry,10
baking,10
internal,10
trail,10
materials,10
tomato,10
patulin,10
dakota,10
milling,10
blends,10
wegmans,10
vegan,10
february,10
additional,10
carton,10
english,10
noodles,10
refrigerated,10
ready,10
hepatitis,10
farmers,10
spicy,10
simply,10
super,9
world,9
claim,9
agency,9
diced,9
peach,9
haccp,9
limit,9
field,9
led,9
sticks,9
alert,9
crispy,9
allowed,9
units,9
filled,9
bbq,9
sell,9
content,9
required,9
service,9
acidified,9
grain,9
chopped,9
standard,9
tests,9
show,9
nausea,9
symptoms,9
name,9
diet,9
provided,9
n,9
brothers,9
caused,9
medium,9
linked,9
cup,9
dr,9
film,9
different,9
candies,9
spray,9
import,9
syrup,9
persons,9
third,9
batch,9
strawberries,9
drink,9
packets,9
sesame,9
portion,9
dawns,9
michigan,9
serving,9
hazelnuts,9
virginia,9
coliform,9
eat,9
veggie,9
joes,9
sun,9
worcestershire,9
bacon,8
wild,8
caseinate,8
reactions,8
cooked,8
program,8
concern,8
misbranded,8
services,8
vacuum,8
powdered,8
fat,8
gum,8
usda,8
mountain,8
according,8
inadequate,8
human,8
fragment,8
approved,8
pizza,8
july,8
publix,8
sub,8
subject,8
packs,8
cucumbers,8
inclusion,8
failure,8
dye,8
united,8
higher,8
consumed,8
tomatoes,8
cod,8
french,8
shelled,8
dole,8
value,8
upon,8
receiving,8
regulations,8
tortilla,8
marketing,8
another,8
chocolates,8
pies,8
january,8
formula,8
visible,8
packing,8
formation,8
organisms,8
review,8
breakfast,8
broccoli,8
inadvertent,8
consumption,8
cherries,8
recalls,8
release,8
raisins,8
mexican,8
possibly,8
customers,8
choice,8
harvest,8
king,8
squash,8
variety,8
kratom,8
announced,8
premix,8
kale,8
kind,8
great,8
kernel,8
flavoring,7
hydrolyzed,7
subingredients,7
sourced,7
kerry,7
subsequently,7
chef,7
removed,7
national,7
related,7
approximately,7
nonfat,7
total,7
harvested,7
carrot,7
oatmeal,7
yeast,7
extract,7
exposed,7
norovirus,7
detection,7
pathogens,7
raspberry,7
batches,7
repacked,7
balls,7
baby,7
trays,7
addition,7
ct,7
assorted,7
over,7
lake,7
mushroom,7
clif,7
spread,7
seafoods,7
taken,7
natures,7
noodle,7
express,7
diarrhea,7
oh,7
notice,7
banana,7
faulty,7
ricotta,7
leaves,7
choking,7
global,7
november,7
specifically,7
mayonnaise,7
prior,7
infected,7
tablets,7
cider,7
screen,7
snacks,7
steel,7
shelf,7
seal,7
gelato,7
declares,7
hard,7
flakes,7
erroneously,7
suffer,7
fever,7
coated,7
d,7
oregon,7
caesar,7
mild,7
asian,7
enzyme,7
quinoa,7
greek,7
currently,7
butternut,7
findings,7
teriyaki,7
lime,7
bites,7
lacks,7
chipotle,7
glutenfree,7
iron,7
punch,7
joeus,7
deluxe,6
ltd,6
nj,6
statements,6
isolate,6
concentrate,6
abundance,6
caution,6
th,6
south,6
lactic,6
club,6
cross,6
shippers,6
sanitation,6
beverage,6
large,6
half,6
shell,6
punjabi,6
adequate,6
current,6
bay,6
major,6
waters,6
alfalfa,6
fisheries,6
roast,6
mangos,6
gram,6
sizes,6
mexico,6
romaine,6
june,6
control,6
arsenic,6
threatening,6
safety,6
length,6
artificial,6
cilantro,6
fine,6
creamery,6
regulation,6
pure,6
hearts,6
showed,6
carbendazim,6
probiotic,6
letter,6
rolls,6
dinner,6
herbs,6
coating,6
distributors,6
odor,6
swollen,6
lids,6
remain,6
fl,6
fe,6
skin,6
old,6
soda,6
front,6
atlantic,6
fillets,6
histamine,6
decaffeinated,6
coast,6
citrus,6
vegetables,6
october,6
inshell,6
recently,6
premium,6
flexible,6
mesh,6
cereal,6
april,6
el,6
city,6
formulation,6
side,6
swanson,6
nestle,6
calcium,6
taylor,6
mustard,6
apricot,6
digestive,6
h,6
tamari,6
spring,6
unallowed,6
stainless,6
rye,6
pan,6
component,6
too,6
undercooked,6
pathogen,6
pudding,6
bee,6
albacore,6
identity,6
making,6
clear,6
indicated,6
scheduled,6
peaches,6
t,6
kettle,6
blueberries,6
abdominal,6
maple,6
precautionary,6
lactose,6
lipari,6
actual,6
tubs,6
laboratories,6
burger,6
permitted,6
repackaged,6
burgers,6
aspartame,6
immediate,6
resulted,6
berry,6
cactus,6
tolerance,6
herbal,6
daily,6
defect,6
hill,6
pancake,6
top,6
claims,6
x,6
la,6
mango,6
wrapped,6
chia,6
preparing,6
northern,6
iu,6
beef,6
royal,6
goya,6
earth,6
buffalo,6
brownie,6
creamy,6
slice,6
graham,6
less,6
underprocessed,6
wrapper,6
rear,6
squid,6
wood,6
choklad,6
signature,5
swiss,5
specifications,5
since,5
released,5
spices,5
premature,5
last,5
pomegranate,5
limits,5
w,5
mdp,5
occurred,5
evidence,5
includes,5
mozzarella,5
instore,5
herb,5
implicated,5
bagel,5
additive,5
additives,5
carrots,5
issuing,5
proper,5
living,5
diameter,5
calorie,5
halves,5
microbial,5
violations,5
bacillus,5
cfr,5
called,5
via,5
coliforms,5
mispackaged,5
commodities,5
slaw,5
ny,5
sunny,5
labs,5
country,5
purchased,5
rhodamine,5
island,5
bisque,5
layer,5
involving,5
grade,5
common,5
later,5
unified,5
omitted,5
toast,5
cheeses,5
creme,5
mill,5
plum,5
case,5
mistakenly,5
ink,5
discovery,5
gold,5
surfaces,5
sprouted,5
tausi,5
staphylococcus,5
crusts,5
chews,5
pea,5
kitchen,5
drug,5
goat,5
iced,5
became,5
aware,5
often,5
greens,5
dipped,5
numbers,5
vendor,5
second,5
fail,5
enchilada,5
readytoeat,5
shortterm,5
headache,5
stiffness,5
pain,5
sauces,5
schwans,5
plate,5
expiration,5
ball,5
broken,5
keep,5
grow,5
pretzel,5
cadmium,5
solutions,5
unit,5
beachbody,5
full,5
complete,5
specification,5
falcpa,5
place,5
big,5
pretzels,5
brittle,5
naturals,5
receipt,5
colostrum,5
resers,5
carbohydrates,5
freeze,5
dimethylamylamine,5
logo,5
six,5
filling,5
rosa,5
curd,5
drinks,5
flax,5
skus,5
concerns,5
turmeric,5
anchovy,5
brown,5
display,5
extreme,5
noticed,5
va,5
exceed,5
malfunction,5
snoqualmie,5
misbranding,5
pa,5
might,5
analyzed,5
crisps,5
caffeine,5
atkins,5
disclose,5
german,5
cheesecake,5
cucumber,5
kwik,5
cow,5
semisweet,5
octopus,5
wt,5
crumbs,5
croissants,5
air,4
splendid,4
zero,4
m,4
considered,4
river,4
pulled,4
sunrise,4
indian,4
kentucky,4
ie,4
clams,4
controls,4
causing,4
twi,4
consent,4
decree,4
ordered,4
plan,4
seasonings,4
established,4
parts,4
ontario,4
conch,4
inspectional,4
analyses,4
section,4
outside,4
indicates,4
licorice,4
alerted,4
custom,4
chewing,4
requirements,4
germ,4
accurately,4
cj,4
abuse,4
residues,4
electrolyte,4
potassium,4
live,4
suspected,4
cereus,4
directions,4
pose,4
pollock,4
histamines,4
teas,4
isolated,4
cantaloupes,4
parfait,4
dips,4
area,4
hope,4
tropical,4
u,4
lettuce,4
shipment,4
uses,4
fashioned,4
zesty,4
polar,4
exceeds,4
shells,4
tahini,4
dioxide,4
greater,4
amport,4
packet,4
justins,4
bistro,4
performed,4
arizona,4
fiesta,4
mondelez,4
consuming,4
nondairy,4
unsalted,4
cascadian,4
chewy,4
toasted,4
pastry,4
cheesy,4
singles,4
days,4
paste,4
wash,4
los,4
yellowfin,4
having,4
soybeans,4
creative,4
cooking,4
cantaloupe,4
lite,4
right,4
carolina,4
rose,4
sensitive,4
roll,4
defective,4
sifter,4
fries,4
pen,4
enterprises,4
multigrain,4
tofu,4
kosher,4
colorado,4
improperly,4
bumble,4
walong,4
violet,4
biscuit,4
each,4
grove,4
bake,4
association,4
talenti,4
danish,4
preservative,4
indicating,4
regarding,4
contaminant,4
koda,4
expansion,4
silver,4
oranges,4
enriched,4
panettone,4
both,4
species,4
infection,4
san,4
grated,4
desserts,4
del,4
appears,4
type,4
independent,4
generic,4
somersault,4
aro,4
rd,4
counts,4
chs,4
storage,4
damage,4
gki,4
vegetarian,4
grower,4
coloring,4
leading,4
wisconsin,4
biscotti,4
cap,4
excessive,4
impacted,4
loaf,4
creations,4
initiate,4
adverse,4
contacted,4
double,4
smokehouse,4
alaska,4
agent,4
thru,4
opened,4
gmps,4
down,4
appetite,4
balance,4
selfrising,4
legal,4
few,4
seaweed,4
pork,4
dumplings,4
waffle,4
topping,4
lcitrulline,4
chain,4
leaf,4
homestyle,4
waffles,4
holiday,4
appearance,4
end,4
benzoate,4
mixup,4
richards,4
mac,4
unilever,4
recipe,4
patients,4
eilliens,4
pint,4
mint,4
strong,4
directly,4
shake,4
sprout,4
unallowable,4
enjoy,4
avocados,4
kozy,4
shack,4
overwrap,4
purple,4
custard,4
granny,4
smith,4
schiff,4
getgo,4
twix,4
sabra,4
sulfite,4
attached,4
observed,4
registered,4
mung,4
around,4
wrap,4
written,4
scale,4
trip,4
cous,4
brownies,4
jugs,4
picamilon,4
cappuccino,4
started,4
ucevieus,4
saladud,4
bottom,4
hus,4
treenut,4
hmshost,4
parfaits,4
nom,4
rubber,4
jerky,4
ogo,4
inspirations,4
mann,4
applesauce,3
adulteration,3
traditional,3
noted,3
washington,3
hines,3
declaring,3
elixir,3
freshcut,3
true,3
braenderup,3
dessert,3
jfc,3
tiny,3
fry,3
hydrogenated,3
separate,3
en,3
franklin,3
flours,3
reveal,3
interstate,3
longer,3
enterprise,3
oskri,3
pursuant,3
drugs,3
salmonellosis,3
allowable,3
boxed,3
omission,3
status,3
kroger,3
grown,3
fecal,3
waste,3
borne,3
believe,3
pringles,3
sent,3
wherby,3
synthetic,3
botanical,3
typhimurium,3
partially,3
deli,3
imports,3
smell,3
move,3
industries,3
range,3
person,3
cultured,3
insects,3
roundys,3
provide,3
locations,3
drops,3
plain,3
qtrade,3
paprika,3
sale,3
grape,3
exhibit,3
crisp,3
champs,3
delisted,3
indiana,3
growing,3
pinenuts,3
subsequent,3
snap,3
salinas,3
operations,3
florentine,3
lunch,3
mn,3
mw,3
lm,3
excess,3
pearl,3
blanched,3
confections,3
entire,3
nitrofuran,3
boy,3
navy,3
tennessee,3
sorbic,3
percentage,3
salata,3
long,3
objects,3
squeeze,3
jers,3
dairyfree,3
wine,3
pepsi,3
biscuits,3
string,3
university,3
identifying,3
obtained,3
preserved,3
vitality,3
creamer,3
flowers,3
inner,3
texas,3
loin,3
apricots,3
dallas,3
purchase,3
sara,3
lee,3
employee,3
better,3
starbucks,3
sausage,3
grand,3
confirmation,3
sales,3
embedded,3
easy,3
grab,3
grandmas,3
sockeye,3
artisan,3
fcc,3
easter,3
serve,3
though,3
claimed,3
support,3
fried,3
mesquite,3
alberta,3
brass,3
power,3
eu,3
chowder,3
sleeve,3
problem,3
relatively,3
mixture,3
bears,3
strength,3
crust,3
eating,3
nutra,3
types,3
fact,3
environment,3
trim,3
bagels,3
surveillance,3
pineapple,3
sulfur,3
calls,3
shop,3
branded,3
mackerel,3
decomposition,3
chemical,3
decoty,3
contaminants,3
special,3
mandarin,3
pro,3
mama,3
analytical,3
reason,3
france,3
burst,3
miscarriages,3
uncle,3
importing,3
pantry,3
fdas,3
betty,3
kentons,3
ashdod,3
israel,3
barley,3
measure,3
collection,3
sardines,3
components,3
root,3
semolina,3
problems,3
baker,3
county,3
icing,3
instructions,3
crave,3
multistate,3
epidemiological,3
caffeinated,3
hawaii,3
thermal,3
foodservice,3
pints,3
cgnp,3
indicate,3
vitamins,3
abc,3
processes,3
gardenfresh,3
dyes,3
jack,3
point,3
bicarbonate,3
clusters,3
clearly,3
shoreline,3
formulations,3
pride,3
oregano,3
nw,3
liver,3
monocrotophos,3
confectionery,3
non,3
shred,3
condies,3
biotechnologies,3
once,3
turkey,3
thrive,3
injury,3
foil,3
flushing,3
lsg,3
stored,3
southwest,3
sku,3
sense,3
block,3
website,3
las,3
aunt,3
quick,3
woodstock,3
maybe,3
virus,3
cdc,3
fillet,3
gift,3
marked,3
detector,3
compound,3
nutritionals,3
heart,3
carmine,3
bell,3
machine,3
falafel,3
peppercorns,3
records,3
concentration,3
coriander,3
molido,3
amaranth,3
fisher,3
chicago,3
slim,3
applied,3
roasting,3
mrs,3
loads,3
december,3
march,3
unlabeled,3
camaron,3
wraps,3
abbott,3
allow,3
leak,3
five,3
accordance,3
krafts,3
presense,3
pecorino,3
romano,3
lacked,3
project,3
spoiled,3
hubfagendazs,3
shiga,3
producing,3
stec,3
minced,3
symbol,3
bagged,3
cgmp,3
sa,3
pouched,3
street,3
pops,3
nestlubf,3
cuisine,3
chinese,3
pink,3
sulfamethazine,3
skim,3
went,3
fuel,3
increased,3
roma,3
delight,3
nectarines,3
plums,3
lift,3
broth,3
margarine,3
key,3
distributing,3
stuffing,3
f,3
log,3
reduction,3
sorbetto,3
individually,3
olive,3
henrys,3
simple,3
steelhead,3
superfoods,3
eleven,3
oasis,3
ever,3
mars,3
family,3
clover,3
tai,3
supply,3
gelatin,3
blended,3
thiamine,3
retained,3
vomiting,3
pierogies,3
heat,3
burritos,3
carmel,3
nu,3
administration,3
crown,3
frosting,3
paleo,3
utilized,3
shards,3
file,3
blister,3
strip,3
gserving,3
gardens,3
ml,3
stability,3
grams,3
springfield,3
unknown,3
okabe,3
nursette,3
mediterranean,3
powders,3
nice,3
shredded,3
rocks,3
disclosed,3
canola,3
match,3
edition,3
learned,3
goods,3
casein,3
cupcakes,3
colored,3
supermarkets,3
slivers,3
monosodium,3
glutamate,3
msg,3
gummy,3
urban,3
ring,3
rigid,3
croissant,3
deviled,3
dehydrated,3
jlm,3
surface,3
johns,3
eastland,3
medley,3
fusion,3
among,3
issues,3
y,3
muffin,3
prime,3
reporting,3
copacker,3
most,3
lower,3
tarts,3
cocktail,3
chart,3
limu,3
soylent,3
ask,3
palmyra,3
pennsylvania,3
fuji,3
deviation,3
advisory,3
quiche,3
bourbon,3
loins,3
larabars,3
espresso,3
